Value,Count,Percentage (%)
dati.gov.it,4218,38.62%
geoportale.lamma.rete.toscana.it,1515,13.87%
lamma.rete.toscana.it,1515,13.87%
mappegis.regione.emilia-romagna.it,266,2.44%
servizigis.regione.emilia-romagna.it,249,2.28%
webgis.adbpo.it,178,1.63%
servizimoka.regione.emilia-romagna.it,133,1.22%
ambiente.regione.emilia-romagna.it,113,1.03%
siatservices.provincia.tn.it,113,1.03%
webgis.arpa.piemonte.it,104,0.95%
irdat.regione.fvg.it,97,0.89%
provincia.bz.it,91,0.83%
geoportale.regione.emilia-romagna.it,86,0.79%
dati.regione.umbria.it,82,0.75%
idt2.regione.veneto.it,76,0.70%
rsdi.regione.basilicata.it,71,0.65%
wms.pcn.minambiente.it,71,0.65%
servizi-gis.arpae.it,70,0.64%
159.213.57.108,68,0.62%
pianoalluvioni.adbpo.it,59,0.54%
dati.veneto.it,58,0.53%
geoservices1.civis.bz.it,56,0.51%
webgis.regione.sardegna.it,55,0.50%
dati.lombardia.it,47,0.43%
sdi.isprambiente.it,44,0.40%
dati.comune.milano.it,44,0.40%
dati.regione.campania.it,42,0.38%
datigeo-piem-download.it,40,0.37%
geo.regione.emilia-romagna.it,40,0.37%
data.comune.fi.it,36,0.33%
avepa.it,35,0.32%
sit.comune.fe.it,32,0.29%
geoportale.comune.milano.it,32,0.29%
sit.comune.arezzo.it,29,0.27%
dati.puglia.it,27,0.25%
dati.lazio.it,26,0.24%
geomap.reteunitaria.piemonte.it,26,0.24%
provinz.bz.it,25,0.23%
maps1.ldpgis.it,25,0.23%
sentieriweb.regione.emilia-romagna.it,24,0.22%
geodati.gov.it,23,0.21%
tms.comune.fi.it,23,0.21%
userportal.smartdatanet.it,23,0.21%
idt.regione.veneto.it,22,0.20%
sardegnasira.it,19,0.17%
adbpo.it,18,0.16%
geoservizi.regione.liguria.it,17,0.16%
srvcarto.regione.liguria.it,16,0.15%
arpae.it,15,0.14%
ambiente.provincia.bz.it,15,0.14%
natur-raum.provinz.bz.it,15,0.14%
natura-territorio.provincia.bz.it,15,0.14%
mappe.partout.it,14,0.13%
regione.piemonte.it,14,0.13%
statweb.provincia.tn.it,14,0.13%
mappe.regione.vda.it,14,0.13%
geoservices6.civis.bz.it,14,0.13%
dati.unionevallesavio.it,13,0.12%
github.com,13,0.12%
dati.toscana.it,13,0.12%
iss.it,13,0.12%
opengis.csi.it,13,0.12%
snpageoserver.isprambiente.it,13,0.12%
geoservices.buergernetz.bz.it,13,0.12%
www502.regione.toscana.it,12,0.11%
opendata.comune.pisa.it,12,0.11%
geoportale.provincia.vicenza.it,11,0.10%
dati.regione.marche.it,11,0.10%
geoservices7.civis.bz.it,11,0.10%
dati.regione.calabria.it,10,0.09%
spatialdata.provincia.lodi.it,10,0.09%
umwelt.provinz.bz.it,10,0.09%
geoservices8.civis.bz.it,10,0.09%
pubblicazioni.provincia.fi.it,10,0.09%
dati.cittametropolitana.bo.it,10,0.09%
docs.google.com,9,0.08%
uc-valdarnoevaldisieve.fi.it,9,0.08%
172.31.0.111,9,0.08%
montevarchi.ldpgis.it,9,0.08%
geoserver.055055.it,9,0.08%
geoservices3.civis.bz.it,9,0.08%
gvcc.net,9,0.08%
webgis2.ar-tel.it,9,0.08%
10.2.174.5,8,0.07%
sgi2.isprambiente.it,7,0.06%
g3w-suite.comune.capannori.lu.it,7,0.06%
opendata.comune.palermo.it,7,0.06%
dati.cittametropolitana.fi.it,7,0.06%
dati.arpacampania.it,7,0.06%
montemurlo.ldpgis.it,7,0.06%
parcodellamaremma.ldpgis.it,7,0.06%
opendata.comune.siena.it,7,0.06%
apps.arpa.umbria.it,6,0.05%
opendataipres.it,6,0.05%
opendata.comune.bologna.it,6,0.05%
dati.friuliveneziagiulia.it,6,0.05%
adbpo.gov.it,6,0.05%
rignanosullarno.ldpgis.it,6,0.05%
gisportal.comune.milano.it,6,0.05%
toolsmart-dataportal.comune.lecce.it,5,0.05%
arpat.toscana.it,5,0.05%
sira.arpat.toscana.it,5,0.05%
provincia.parma.it,5,0.05%
sanvincenzo.ldpgis.it,5,0.05%
vaiano.ldpgis.it,5,0.05%
piombino.ldpgis.it,5,0.05%
vernio.ldpgis.it,5,0.05%
cittametropolitana.torino.it,5,0.05%
agri.regione.emilia-romagna.it,5,0.05%
geoservices9.civis.bz.it,5,0.05%
dati.regione.sicilia.it,4,0.04%
goo.gl,4,0.04%
dati.comune.lecce.it,4,0.04%
geoportale.regione.lazio.it,4,0.04%
mappe.comune.genova.it,4,0.04%
opendata.comune.bari.it,4,0.04%
geoportale.cittametropolitana.torino.it,4,0.04%
sinacloud.isprambiente.it,4,0.04%
grosseto.ldpgis.it,4,0.04%
regione.marche.it,4,0.04%
mappe.regione.emilia-romagna.it,4,0.04%
geomap.arpa.veneto.it,4,0.04%
idt2-geoserver.regione.veneto.it,4,0.04%
dati.comune.genova.it,3,0.03%
webgis.provincia.mantova.it,3,0.03%
cartografia.regione.lombardia.it,3,0.03%
data.civis.bz.it,3,0.03%
odn.comune.prato.it,3,0.03%
siena.ldpgis.it,3,0.03%
cloud.ldpgis.it,3,0.03%
cantagallo.ldpgis.it,3,0.03%
territorio.regione.emilia-romagna.it,3,0.03%
inps.it,3,0.03%
data.comune.livorno.it,3,0.03%
webgis.provincia.tn.it,3,0.03%
sit.comune.certaldo.fi.it,3,0.03%
cartografia.cittametropolitana.bo.it,3,0.03%
dati.lamma.toscana.it,3,0.03%
barga.ldpgis.it,3,0.03%
subbiano.ldpgis.it,3,0.03%
vinci.ldpgis.it,3,0.03%
coregliaantelminelli.ldpgis.it,3,0.03%
borgoamozzano.ldpgis.it,3,0.03%
santafiora.ldpgis.it,3,0.03%
terranuovabracciolini.ldpgis.it,3,0.03%
collesalvetti.ldpgis.it,3,0.03%
pescaglia.ldpgis.it,3,0.03%
maps.comune.cecina.li.it,3,0.03%
casteldelpiano.ldpgis.it,3,0.03%
gavorrano.ldpgis.it,3,0.03%
casole.ldpgis.it,3,0.03%
viareggio.ldpgis.it,3,0.03%
reggello.ldpgis.it,3,0.03%
sinalunga.ldpgis.it,3,0.03%
fosdinovo.ldpgis.it,3,0.03%
pieveanievole.ldpgis.it,3,0.03%
geoportale.piemonte.it,3,0.03%
regione.emilia-romagna.it,3,0.03%
odn.regione.umbria.it,2,0.02%
old.arpa.puglia.it,2,0.02%
dati.arpa.puglia.it,2,0.02%
public.tableau.com,2,0.02%
geoportale.igr.piemonte.it,2,0.02%
provincia.fc.it,2,0.02%
servizi.regione.piemonte.it,2,0.02%
geoserver.comune.re.it,2,0.02%
territorio.provincia.tn.it,2,0.02%
dati.comune.matera.it,2,0.02%
dati.trentino.it,2,0.02%
opendata.comune.rimini.it,2,0.02%
lod.dati.lombardia.it,2,0.02%
poggibonsi.ldpgis.it,2,0.02%
geonext.comune.modena.it,2,0.02%
supportsiss.lispa.it,2,0.02%
ows,2,0.02%
protezionecivile.gov.it,2,0.02%
sardegnageoportale.it,2,0.02%
monteargentario.ldpgis.it,2,0.02%
dati.emilia-romagna.it,2,0.02%
zenodo.org,2,0.02%
groupware.sinanet.isprambiente.it,2,0.02%
gis.comune.trento.it,2,0.02%
meteohub.agenziaitaliameteo.it,2,0.02%
mappe.cittametropolitana.fi.it,2,0.02%
giscartografia.regione.marche.it,2,0.02%
decimetro.cittametropolitana.mi.it,2,0.02%
sistemapiemonte.it,2,0.02%
servizi.piemonte.it,2,0.02%
conoscenzaambientale.sistemapiemonte.it,2,0.02%
agricoltura.provincia.bz.it,2,0.02%
geoservices5.civis.bz.it,2,0.02%
Unknown,1,0.01%
lnx.autoritaidrica.puglia.it,1,0.01%
comune.loropiceno.mc.it,1,0.01%
autorit-idrica-toscana-api.municipiumapp.it,1,0.01%
forestefauna.provincia.tn.it,1,0.01%
opendata.comune.re.it,1,0.01%
comune.castelfidardo.an.it,1,0.01%
opendata.comunenumana.com,1,0.01%
ats-pavia.it,1,0.01%
gewässerschutzplan%20%7c%20landesagentur%20für%20umwelt%20und%20klimaschutz%20%7c%20autonome%20provinz%20bozen%20-%20südtirol,1,0.01%
piano%20di%20tutela%20delle%20acque%20%7c%20agenzia%20provinciale%20per%20l’ambiente%20e%20la%20tutela%20del%20clima%20%7c%20provincia%20autonoma%20di%20bolzano%20-%20alto%20adige,1,0.01%
provincia.fe.it,1,0.01%
datahub.civis.bz.it,1,0.01%
hub.dati.lombardia.it,1,0.01%
geoviewer.nnb.isprambiente.it,1,0.01%
opendata.marche.camcom.it,1,0.01%
mapservice.labassaromagna.it,1,0.01%
dati.enea.it,1,0.01%
\\smbsrv1.provincia.torino.it\arcdati\sitad\agricoltura_e_foreste\fauna_e_flora\pesca\ddep_polyg.shp,1,0.01%
hub.geosmartcity.eu,1,0.01%
comune.merano.bz.it,1,0.01%
mapwarper.net,1,0.01%
piersoft.it,1,0.01%
wgmatera.paesit.it,1,0.01%
dati.cittametropolitana.na.it,1,0.01%
bdt.autorita-trasporti.it,1,0.01%
sit.puglia.it,1,0.01%
rischi.protezionecivile.gov.it,1,0.01%
urbanistica-dati.provincia.tn.it,1,0.01%
cartografia.servizirl.it,1,0.01%
mappe.provincia.fi.it,1,0.01%
osservatorio.energia.provincia.tn.it,1,0.01%
siat.provincia.tn.it,1,0.01%
parcoaspromonte.gov.it,1,0.01%
halleyweb.com,1,0.01%
dati.comune.roma.it,1,0.01%
protezionecivile.comune.monsummano-terme.pt.it,1,0.01%
geoportale.regione.calabria.it,1,0.01%
comune.civitanova.mc.it,1,0.01%
sitr.regione.sicilia.it,1,0.01%
mosaicositicontaminati.isprambiente.it,1,0.01%
sinanet.isprambiente.it,1,0.01%
land.copernicus.eu,1,0.01%
soildatageneral.blob.core.windows.net,1,0.01%
194.243.104.176,1,0.01%
arcgis.com,1,0.01%
mydewetra.org,1,0.01%
demanio.provincia.bz.it,1,0.01%
cecina.ldpgis.it,1,0.01%
