"Stazione";"S. Donato in Collina"
"Codice";"TOS03001137"
"Comune";"Bagno a Ripoli"
"Provincia";"FI"
"GB [m]";"E";1691800;"N";4843614
"WGS84 [°]";"Lat";43.721;"Lon";11.381
"Quota [m]";382,00

;;;ATTENZIONE i dati sono nel fomato csv ed utilizzano
;;;come separatore di colonna il "punto e virgola" e
;;;come separatore decimale la "virgola"
;;;verificare le proprie impostazioni internazionali per una corretta visulizzazione.
;;;Il valore contrassegnato con N corrisponde al dato non validato
;;;Il valore contrassegnato con R corrisponde al dato ricostruito
;;;Il valore contrassegnato con I corrisponde al dato incerto
;;;Il valore contrassegnato con @ corrisponde al dato mancante
;;;Il valore contrassegnato con V corrisponde al dato validato
;;;Il valore contrassegnato con P corrisponde al dato prevalidato soggetto ad eventuali modifiche
;;;(consultare la sezione Criteri di validazione)

"gg/mm/aaaa";"Max [Â°C]";"Min [Â°C]"
20/04/2021;16.2;3.8
21/04/2021;15.1;1.9
22/04/2021;17.2;7.5
23/04/2021;19.8;7.3
24/04/2021;21.4;10.8
25/04/2021;21.4;6.7
26/04/2021;20.2;7.8
27/04/2021;13.6;9.7
28/04/2021;16.2;9.3
29/04/2021;16.6;11.9
30/04/2021;20.6;12.4
01/05/2021;21.5;11.6
02/05/2021;16.2;9.5
03/05/2021;18.4;8.2
04/05/2021;17.4;5.6
05/05/2021;16.7;8.8
06/05/2021;18.6;8.8
07/05/2021;18.2;10.2
08/05/2021;22.7;10.9
09/05/2021;25.7;10.1
10/05/2021;25.2;11.1
11/05/2021;17.9;11.0
12/05/2021;16.2;9.9
13/05/2021;15.4;9.7
14/05/2021;17.8;9.3
15/05/2021;17.4;7.5
16/05/2021;15.0;11.8
17/05/2021;17.6;11.5
18/05/2021;19.4;9.6
19/05/2021;19.4;7.6
20/05/2021;20.9;6.1
21/05/2021;21.9;8.0
22/05/2021;19.2;10.9
23/05/2021;22.2;14.3
24/05/2021;20.0;12.1
25/05/2021;18.5;10.2
26/05/2021;20.6;7.2
27/05/2021;21.2;9.0
28/05/2021;25.7;9.5
29/05/2021;24.8;12.2
30/05/2021;22.3;12.9
31/05/2021;22.2;11.4
01/06/2021;24.4;9.5
02/06/2021;24.3;11.3
03/06/2021;27.5;11.6
04/06/2021;27.4;13.2
05/06/2021;23.5;15.5
06/06/2021;26.1;14.7
07/06/2021;24.3;15.5
08/06/2021;20.5;15.0
09/06/2021;27.2;14.9
10/06/2021;27.7;16.2
11/06/2021;26.5;15.4
12/06/2021;29.1;16.4
13/06/2021;28.2;16.7
14/06/2021;30.4;17.6
15/06/2021;29.7;16.6
16/06/2021;28.4;16.8
17/06/2021;30.2;16.8
18/06/2021;30.1;16.4
19/06/2021;28.7;15.8
20/06/2021;29.9;18.7
21/06/2021;30.3;17.4
22/06/2021;31.6;18.8
23/06/2021;32.8;17.8
24/06/2021;30.3;18.6
25/06/2021;28.1;17.0
26/06/2021;29.9;14.1
27/06/2021;32.7;16.7
28/06/2021;35.0;17.7
29/06/2021;31.2;18.6
30/06/2021;25.8;17.2
01/07/2021;26.4;17.0
02/07/2021;27.8;16.0
03/07/2021;29.0;16.2
04/07/2021;26.8;18.4
05/07/2021;29.6;18.3
06/07/2021;32.1;16.1
07/07/2021;35.0;18.9
08/07/2021;33.4;19.7
09/07/2021;28.5;17.7
10/07/2021;31.5;15.6
11/07/2021;28.5;16.9
12/07/2021;31.9;17.1
13/07/2021;28.0;17.5
14/07/2021;23.6;15.5
15/07/2021;25.8;13.1
16/07/2021;25.3;15.4
17/07/2021;25.0;17.6
18/07/2021;29.2;19.8
19/07/2021;30.0;20.9
20/07/2021;32.7;19.1
21/07/2021;31.9;19.6
22/07/2021;31.9;18.1
23/07/2021;31.6;19.6
24/07/2021;32.0;18.1
25/07/2021;31.0;22.3
26/07/2021;31.9;22.2
27/07/2021;32.9;19.5
28/07/2021;32.5;19.4
29/07/2021;33.3;18.3
30/07/2021;33.3;18.5
31/07/2021;34.3;20.2
01/08/2021;27.8;18.6
02/08/2021;26.8;17.0
03/08/2021;28.2;13.5
04/08/2021;29.4;15.4
05/08/2021;24.5;17.5
06/08/2021;27.1;17.6
07/08/2021;32.5;15.8
08/08/2021;30.2;21.3
09/08/2021;32.5;17.8
10/08/2021;33.4;19.7
11/08/2021;35.4;21.5
12/08/2021;37.0;20.0
13/08/2021;36.9;21.2
14/08/2021;37.5;22.8
15/08/2021;35.4;21.1
16/08/2021;34.3;20.7
17/08/2021;31.9;19.4
18/08/2021;30.3;18.5
19/08/2021;31.4;16.8
20/08/2021;31.8;18.0
21/08/2021;32.1;17.5
22/08/2021;29.7;18.2
23/08/2021;30.5;18.7
24/08/2021;28.9;18.7
25/08/2021;27.6;18.9
26/08/2021;28.7;15.5
27/08/2021;26.6;17.9
28/08/2021;22.7;14.4
29/08/2021;24.8;14.6
30/08/2021;25.9;12.2
31/08/2021;26.6;13.8
01/09/2021;28.1;13.7
02/09/2021;28.6;15.3
03/09/2021;28.3;15.4
04/09/2021;23.1;17.5
05/09/2021;27.6;15.0
06/09/2021;27.5;17.9
07/09/2021;26.9;18.0
08/09/2021;28.3;16.7
09/09/2021;28.8;13.9
10/09/2021;28.1;13.9
11/09/2021;29.9;16.2
12/09/2021;30.0;15.6
13/09/2021;30.2;14.6
14/09/2021;28.1;16.8
15/09/2021;27.1;16.1
16/09/2021;24.6;17.2
17/09/2021;23.9;16.2
18/09/2021;24.1;17.4
19/09/2021;21.9;15.2
20/09/2021;21.5;14.9
21/09/2021;23.0;13.5
22/09/2021;24.3;11.6
23/09/2021;25.4;11.2
24/09/2021;25.0;9.9
25/09/2021;26.1;14.0
26/09/2021;25.7;14.9
27/09/2021;24.2;15.4
28/09/2021;27.4;15.3
29/09/2021;24.4;13.9
30/09/2021;24.9;14.6
01/10/2021;25.1;14.1
02/10/2021;24.0;12.2
03/10/2021;23.8;12.2
04/10/2021;24.6;15.3
05/10/2021;19.8;14.5
06/10/2021;19.5;12.1
07/10/2021;13.9;10.9
08/10/2021;15.2;12.4
09/10/2021;16.1;10.8
10/10/2021;13.8;8.7
11/10/2021;15.2;8.5
12/10/2021;18.8;6.8
13/10/2021;18.3;6.0
14/10/2021;14.4;7.7
15/10/2021;16.8;6.4
16/10/2021;17.9;10.3
17/10/2021;19.7;10.1
18/10/2021;19.3;5.9
19/10/2021;18.9;5.4
20/10/2021;17.9;7.2
21/10/2021;17.7;11.5
22/10/2021;18.3;12.1
23/10/2021;19.8;10.3
24/10/2021;16.9;9.8
25/10/2021;17.3;8.7
26/10/2021;16.9;9.0
27/10/2021;17.7;10.6
28/10/2021;19.0;8.6
29/10/2021;18.3;5.6
30/10/2021;17.6;6.1
31/10/2021;18.3;7.3
01/11/2021;14.9;11.0
02/11/2021;14.9;10.7
03/11/2021;15.4;9.4
04/11/2021;14.6;8.1
05/11/2021;13.4;6.1
06/11/2021;14.0;9.1
07/11/2021;14.0;7.9
08/11/2021;16.1;7.7
09/11/2021;15.4;10.1
10/11/2021;18.6;11.4
11/11/2021;18.1;10.1
12/11/2021;16.7;8.8
13/11/2021;15.9;8.5
14/11/2021;12.1;9.8
15/11/2021;16.2;10.0
16/11/2021;12.1;8.7
17/11/2021;16.2;7.8
18/11/2021;17.0;8.4
19/11/2021;14.6;7.0
20/11/2021;12.5;7.0
21/11/2021;13.6;6.2
22/11/2021;14.1;9.1
23/11/2021;12.3;8.3
24/11/2021;12.7;5.0
25/11/2021;9.3;4.8
26/11/2021;10.0;7.4
27/11/2021;11.1;6.5
28/11/2021;9.0;0.7
29/11/2021;5.3;0.4
30/11/2021;7.8;-0.6
01/12/2021;8.6;3.0
02/12/2021;9.0;4.1
03/12/2021;7.8;3.1
04/12/2021;9.9;-0.3
05/12/2021;10.4;3.5
06/12/2021;6.9;2.0
07/12/2021;8.5;-0.9
08/12/2021;8.5;-1.8
09/12/2021;5.9;1.4
10/12/2021;4.1;-1.8
11/12/2021;7.6;3.1
12/12/2021;9.1;2.8
13/12/2021;9.3;-0.5
14/12/2021;10.7;1.7
15/12/2021;12.3;1.7
16/12/2021;13.0;4.3
17/12/2021;12.7;4.3
18/12/2021;11.8;-0.2
19/12/2021;10.5;0.3
20/12/2021;9.2;6.5
21/12/2021;8.2;4.2
22/12/2021;8.9;3.7
23/12/2021;8.4;1.0
24/12/2021;12.2;8.3
25/12/2021;11.6;10.1
26/12/2021;11.1;8.5
27/12/2021;9.9;8.4
28/12/2021;10.8;8.5
29/12/2021;12.3;9.4
30/12/2021;12.3;5.9
31/12/2021;15.0;3.0
01/01/2022;9.1;7.2
02/01/2022;9.9;7.0
03/01/2022;11.1;8.4
04/01/2022;13.2;8.2
05/01/2022;12.0;5.0
06/01/2022;6.5;1.6
07/01/2022;7.7;1.0
08/01/2022;7.4;-0.7
09/01/2022;2.6;-2.3
10/01/2022;5.7;1.8
11/01/2022;7.1;3.0
12/01/2022;6.6;2.0
13/01/2022;9.4;2.9
14/01/2022;10.3;-0.8
15/01/2022;9.2;-0.5
16/01/2022;9.3;5.0
17/01/2022;8.8;2.6
18/01/2022;11.9;0.3
19/01/2022;10.1;0.2
20/01/2022;7.8;4.6
21/01/2022;7.8;-0.4
22/01/2022;6.8;-2.6
23/01/2022;7.8;-1.1
24/01/2022;9.4;-2.4
25/01/2022;9.5;1.6
26/01/2022;8.7;4.2
27/01/2022;9.1;3.6
28/01/2022;11.9;5.7
29/01/2022;11.2;0.8
30/01/2022;10.4;6.3
31/01/2022;7.8;5.0
01/02/2022;12.3;4.2
02/02/2022;11.4;-0.5
03/02/2022;14.7;2.1
04/02/2022;10.6;6.8
05/02/2022;11.5;5.3
06/02/2022;11.0;1.5
07/02/2022;12.2;6.7
08/02/2022;11.2;-0.4
09/02/2022;12.3;1.9
10/02/2022;11.9;2.8
11/02/2022;10.9;1.6
12/02/2022;9.6;3.2
13/02/2022;11.1;0.1
14/02/2022;8.6;4.3
15/02/2022;8.5;4.5
16/02/2022;10.5;3.0
17/02/2022;12.2;4.1
18/02/2022;12.0;3.7
19/02/2022;13.2;8.8
20/02/2022;14.7;7.5
21/02/2022;10.4;3.5
22/02/2022;14.3;5.3
23/02/2022;15.3;2.1
24/02/2022;15.1;1.5
25/02/2022;9.4;3.2
26/02/2022;7.5;1.6
27/02/2022;6.2;3.6
28/02/2022;10.7;2.5
01/03/2022;7.2;0.7
02/03/2022;10.4;-1.4
03/03/2022;10.7;1.2
04/03/2022;10.8;2.7
05/03/2022;6.8;1.2
06/03/2022;5.9;1.0
07/03/2022;7.2;1.2
08/03/2022;7.3;-0.4
09/03/2022;12.7;1.0
10/03/2022;13.6;0.1
11/03/2022;13.7;0.6
12/03/2022;11.6;-0.1
13/03/2022;13.5;0.1
14/03/2022;17.0;4.3
15/03/2022;16.2;3.4
16/03/2022;11.9;6.9
17/03/2022;16.5;6.1
18/03/2022;12.6;8.3
19/03/2022;14.7;5.9
20/03/2022;13.2;4.4
21/03/2022;13.0;3.5
22/03/2022;15.3;3.8
23/03/2022;19.2;5.1
24/03/2022;19.7;3.7
25/03/2022;18.3;3.0
26/03/2022;21.7;5.4
27/03/2022;21.0;10.9
28/03/2022;21.6;9.8
29/03/2022;17.5;5.3
30/03/2022;9.9;7.9
31/03/2022;10.4;8.3
01/04/2022;12.4;3.0
02/04/2022;6.3;0.8
03/04/2022;10.8;0.8
04/04/2022;12.6;3.0
05/04/2022;15.3;1.8
06/04/2022;15.3;1.9
07/04/2022;12.5;5.2
08/04/2022;18.7;10.6
09/04/2022;15.2;4.6
10/04/2022;14.8;2.6
11/04/2022;17.1;1.8
12/04/2022;19.2;3.4
13/04/2022;22.6;6.4
14/04/2022;23.9;9.9
15/04/2022;25.6;12.3
16/04/2022;23.4;9.9
17/04/2022;12.6;6.6
18/04/2022;16.8;6.5
19/04/2022;16.8;3.7
20/04/2022;17.6;8.3
21/04/2022;17.9;9.4
22/04/2022;11.5;8.8
23/04/2022;18.6;8.0
24/04/2022;14.2;8.6
25/04/2022;15.6;9.1
26/04/2022;19.0;6.6
27/04/2022;21.9;7.2
28/04/2022;19.6;9.4
29/04/2022;19.9;11.3
30/04/2022;22.0;10.2
01/05/2022;18.5;9.4
02/05/2022;18.9;9.3
03/05/2022;22.2;8.9
04/05/2022;21.3;8.8
05/05/2022;14.7;8.3
06/05/2022;16.2;11.8
07/05/2022;17.4;12.5
08/05/2022;21.2;12.6
09/05/2022;23.4;14.3
10/05/2022;25.0;11.3
11/05/2022;23.8;12.1
12/05/2022;23.0;12.3
13/05/2022;23.4;11.5
14/05/2022;24.5;12.2
15/05/2022;25.1;12.7
16/05/2022;25.7;13.8
17/05/2022;26.2;12.9
18/05/2022;28.1;13.6
19/05/2022;27.9;14.9
20/05/2022;26.6;13.2
21/05/2022;25.5;12.3
22/05/2022;25.7;15.3
23/05/2022;29.4;13.5
24/05/2022;25.9;17.4
25/05/2022;28.0;16.5
26/05/2022;30.2;16.3
27/05/2022;33.1;18.1
28/05/2022;31.1;17.2
29/05/2022;24.9;14.8
30/05/2022;25.0;13.9
31/05/2022;26.9;14.5
01/06/2022;28.3;15.7
02/06/2022;32.9;15.1
03/06/2022;28.8;17.3
04/06/2022;34.0;17.0
05/06/2022;31.9;18.5
06/06/2022;28.2;17.0
07/06/2022;27.6;16.4
08/06/2022;28.2;16.5
09/06/2022;23.5;16.6
10/06/2022;25.0;17.2
11/06/2022;28.7;18.3
12/06/2022;30.8;19.5
13/06/2022;30.9;16.9
14/06/2022;33.0;17.1
15/06/2022;32.7;19.0
16/06/2022;32.8;17.6
17/06/2022;32.6;18.0
18/06/2022;32.0;18.1
19/06/2022;32.9;18.1
20/06/2022;31.9;17.6
21/06/2022;33.2;18.0
22/06/2022;32.7;18.6
23/06/2022;28.7;18.4
24/06/2022;31.5;19.6
25/06/2022;29.4;19.6
26/06/2022;35.6;17.6
27/06/2022;38.5;21.6
28/06/2022;29.0;18.6
29/06/2022;28.1;18.7
30/06/2022;31.7;15.6
01/07/2022;32.0;17.5
02/07/2022;35.1;17.9
03/07/2022;37.1;20.1
04/07/2022;35.7;21.1
05/07/2022;32.5;20.6
06/07/2022;33.4;20.6
07/07/2022;33.3;15.6
08/07/2022;28.2;15.7
09/07/2022;29.2;17.6
10/07/2022;31.6;16.4
11/07/2022;32.2;17.8
12/07/2022;31.1;18.4
13/07/2022;33.1;20.2
14/07/2022;35.1;18.3
15/07/2022;33.5;20.0
16/07/2022;34.5;19.2
17/07/2022;35.7;20.3
18/07/2022;35.8;21.4
19/07/2022;36.6;20.1
20/07/2022;37.5;20.1
21/07/2022;36.7;21.5
22/07/2022;35.9;20.7
23/07/2022;34.6;21.2
24/07/2022;33.8;22.6
25/07/2022;34.3;21.2
26/07/2022;34.0;21.3
27/07/2022;34.0;21.1
28/07/2022;34.6;20.6
29/07/2022;34.5;19.2
30/07/2022;32.7;21.4
31/07/2022;34.4;19.6
01/08/2022;35.6;19.8
02/08/2022;32.9;20.6
03/08/2022;34.9;20.7
04/08/2022;36.5;20.9
05/08/2022;35.6;21.1
06/08/2022;37.4;20.5
07/08/2022;33.3;22.9
08/08/2022;31.3;21.1
09/08/2022;31.1;20.8
10/08/2022;31.6;20.9
11/08/2022;30.8;20.3
12/08/2022;30.3;15.8
13/08/2022;28.3;14.8
14/08/2022;31.3;17.4
15/08/2022;30.9;15.6
16/08/2022;31.5;15.5
17/08/2022;33.0;18.3
18/08/2022;28.5;17.5
19/08/2022;23.9;17.5
20/08/2022;29.3;16.4
21/08/2022;30.1;19.2
22/08/2022;30.5;16.7
23/08/2022;30.5;16.0
24/08/2022;28.5;19.2
25/08/2022;30.2;19.7
26/08/2022;30.0;18.6
27/08/2022;29.8;18.2
28/08/2022;27.2;15.9
29/08/2022;30.1;16.0
30/08/2022;29.7;18.8
31/08/2022;28.4;19.9
01/09/2022;26.0;18.8
02/09/2022;27.5;16.2
03/09/2022;22.8;16.3
04/09/2022;28.0;15.6
05/09/2022;29.8;17.1
06/09/2022;30.9;16.7
07/09/2022;30.2;17.9
08/09/2022;28.0;20.5
09/09/2022;27.2;18.2
10/09/2022;24.4;16.1
11/09/2022;26.8;14.5
12/09/2022;27.5;14.2
13/09/2022;27.7;13.8
14/09/2022;26.9;17.3
15/09/2022;25.4;19.6
16/09/2022;26.3;17.5
17/09/2022;18.9;8.6
18/09/2022;21.8;6.2
19/09/2022;24.1;12.3
20/09/2022;24.2;12.0
21/09/2022;20.6;11.5
22/09/2022;20.1;9.8
23/09/2022;21.6;7.7
24/09/2022;17.6;9.0
25/09/2022;17.2;12.9
26/09/2022;20.5;13.8
27/09/2022;18.1;14.3
28/09/2022;17.2;12.1
29/09/2022;19.6;12.7
30/09/2022;18.2;12.0
01/10/2022;18.9;12.5
02/10/2022;20.1;15.2
03/10/2022;23.6;14.3
04/10/2022;24.1;10.0
05/10/2022;23.9;11.2
06/10/2022;24.0;10.9
07/10/2022;24.8;12.9
08/10/2022;22.3;12.1
09/10/2022;22.4;12.0
10/10/2022;20.1;14.6
11/10/2022;23.4;13.3
12/10/2022;22.0;10.8
13/10/2022;21.5;13.6
14/10/2022;20.9;10.0
15/10/2022;19.9;10.6
16/10/2022;22.3;12.1
17/10/2022;24.3;12.7
18/10/2022;22.3;12.2
19/10/2022;22.7;13.7
20/10/2022;24.6;11.7
21/10/2022;19.6;11.2
22/10/2022;23.2;15.9
23/10/2022;21.3;16.2
24/10/2022;21.0;15.5
25/10/2022;21.2;16.2
26/10/2022;23.1;13.1
27/10/2022;22.4;12.7
28/10/2022;23.9;13.8
29/10/2022;24.3;10.3
30/10/2022;24.3;10.8
31/10/2022;22.2;9.3
01/11/2022;20.5;8.9
02/11/2022;21.7;9.7
03/11/2022;17.8;9.9
04/11/2022;17.2;9.2
05/11/2022;15.2;9.0
06/11/2022;15.5;6.5
07/11/2022;16.0;3.8
08/11/2022;17.8;6.7
09/11/2022;17.5;10.1
10/11/2022;15.9;11.9
11/11/2022;18.4;11.2
12/11/2022;16.6;10.8
13/11/2022;14.4;8.7
14/11/2022;14.8;5.7
15/11/2022;11.2;4.0
16/11/2022;15.9;10.7
17/11/2022;14.9;10.0
18/11/2022;16.9;10.0
19/11/2022;11.0;7.5
20/11/2022;13.0;3.7
21/11/2022;10.6;2.0
22/11/2022;10.4;4.8
23/11/2022;11.5;3.0
24/11/2022;12.7;5.7
25/11/2022;10.4;4.7
26/11/2022;12.3;8.4
27/11/2022;12.6;4.5
28/11/2022;7.3;1.5
29/11/2022;9.6;5.0
30/11/2022;6.9;4.1
01/12/2022;8.5;4.2
02/12/2022;7.4;3.0
03/12/2022;9.4;5.8
04/12/2022;11.7;7.3
05/12/2022;11.7;9.7
06/12/2022;12.2;10.2
07/12/2022;12.3;6.6
08/12/2022;10.0;5.0
09/12/2022;14.3;9.7
10/12/2022;12.9;9.3
11/12/2022;9.3;2.2
12/12/2022;5.3;-0.7
13/12/2022;4.7;2.1
14/12/2022;6.1;2.9
15/12/2022;12.7;5.7
16/12/2022;12.3;8.8
17/12/2022;12.5;6.3
18/12/2022;12.5;3.3
19/12/2022;6.9;0.2
20/12/2022;11.3;6.7
21/12/2022;10.5;7.2
22/12/2022;9.8;7.5
23/12/2022;11.4;8.6
24/12/2022;13.8;10.6
25/12/2022;14.2;10.4
26/12/2022;14.0;9.5
27/12/2022;14.2;9.4
28/12/2022;13.2;8.2
29/12/2022;15.2;8.8
30/12/2022;15.5;8.6
31/12/2022;14.5;10.4
01/01/2023;11.7;8.2
02/01/2023;11.4;9.1
03/01/2023;13.5;8.2
04/01/2023;10.3;7.5
05/01/2023;13.2;7.0
06/01/2023;12.3;6.8
07/01/2023;10.5;7.9
08/01/2023;14.0;8.1
09/01/2023;12.2;6.3
10/01/2023;12.0;5.0
11/01/2023;10.8;-0.3
12/01/2023;11.8;5.2
13/01/2023;9.0;3.5
14/01/2023;12.2;3.6
15/01/2023;11.1;4.3
16/01/2023;10.3;6.7
17/01/2023;9.0;5.8
18/01/2023;7.4;2.7
19/01/2023;6.5;0.4
20/01/2023;3.6;-1.8
21/01/2023;4.1;0.3
22/01/2023;6.2;-0.5
23/01/2023;3.5;0.1
24/01/2023;10.1;2.0
25/01/2023;9.3;4.0
26/01/2023;6.1;1.8
27/01/2023;4.5;0.8
28/01/2023;6.1;1.1
29/01/2023;7.2;-0.3
30/01/2023;7.3;-2.9
31/01/2023;11.6;1.3
01/02/2023;9.3;2.4
02/02/2023;10.9;1.8
03/02/2023;10.8;3.8
04/02/2023;11.7;4.9
05/02/2023;9.5;0.2
06/02/2023;6.0;0.4
07/02/2023;5.6;-0.6
08/02/2023;4.8;-1.5
09/02/2023;3.9;-1.3
10/02/2023;7.4;-2.6
11/02/2023;10.8;-2.5
12/02/2023;10.4;-1.0
13/02/2023;14.2;3.5
14/02/2023;12.4;-0.3
15/02/2023;12.7;2.6
16/02/2023;7.5;4.2
17/02/2023;10.6;6.1
18/02/2023;10.8;6.7
19/02/2023;11.6;7.9
20/02/2023;15.1;7.0
21/02/2023;10.8;7.4
22/02/2023;12.5;8.2
23/02/2023;13.2;6.0
24/02/2023;9.9;5.8
25/02/2023;11.3;8.7
26/02/2023;10.1;2.3
27/02/2023;8.2;2.9
28/02/2023;9.4;3.0
01/03/2023;4.8;0.9
02/03/2023;10.3;2.3
03/03/2023;13.6;5.5
04/03/2023;13.4;4.8
05/03/2023;12.4;0.5
06/03/2023;10.5;5.2
07/03/2023;12.2;5.0
08/03/2023;13.7;6.8
09/03/2023;16.8;9.5
10/03/2023;13.8;10.4
11/03/2023;13.8;10.1
12/03/2023;19.3;9.2
13/03/2023;18.5;5.0
14/03/2023;12.5;8.7
15/03/2023;14.1;6.9
16/03/2023;14.3;3.5
17/03/2023;16.8;0.5
18/03/2023;16.8;2.4
19/03/2023;12.7;7.0
20/03/2023;14.1;8.6
21/03/2023;19.2;7.7
22/03/2023;17.6;7.5
23/03/2023;16.8;7.9
24/03/2023;18.0;7.8
25/03/2023;17.6;8.7
26/03/2023;20.7;9.6
27/03/2023;18.1;8.3
28/03/2023;15.8;5.3
29/03/2023;14.3;1.8
30/03/2023;18.3;8.3
31/03/2023;13.1;8.4
01/04/2023;17.9;7.8
02/04/2023;16.5;8.2
03/04/2023;14.3;5.5
04/04/2023;9.4;3.0
05/04/2023;9.9;2.7
06/04/2023;14.2;1.5
07/04/2023;14.6;0.5
08/04/2023;15.9;4.7
09/04/2023;15.5;6.5
10/04/2023;15.5;7.8
11/04/2023;15.0;3.3
12/04/2023;17.0;9.8
13/04/2023;13.3;7.9
14/04/2023;14.3;4.1
15/04/2023;16.6;5.8
16/04/2023;16.3;8.6
17/04/2023;15.5;9.1
18/04/2023;18.0;10.7
19/04/2023;19.7;9.9
20/04/2023;17.6;7.6
21/04/2023;19.5;7.5
22/04/2023;21.4;7.5
23/04/2023;22.9;8.0
24/04/2023;17.6;11.1
25/04/2023;18.0;8.5
26/04/2023;20.2;5.4
27/04/2023;21.2;6.6
28/04/2023;21.2;7.5
29/04/2023;18.4;11.2
30/04/2023;23.7;11.9
01/05/2023;18.9;11.3
02/05/2023;16.0;10.7
03/05/2023;18.5;12.7
04/05/2023;23.9;10.8
05/05/2023;24.0;10.1
06/05/2023;25.3;10.1
07/05/2023;25.1;10.0
08/05/2023;24.3;11.6
09/05/2023;25.2;12.6
10/05/2023;15.4;10.1
11/05/2023;18.4;10.0
12/05/2023;18.3;9.5
13/05/2023;19.4;9.0
14/05/2023;16.4;10.7
15/05/2023;19.5;9.4
16/05/2023;15.0;11.4
17/05/2023;18.8;10.8
18/05/2023;19.3;12.2
19/05/2023;15.4;10.4
20/05/2023;19.0;12.3
21/05/2023;25.9;15.0
22/05/2023;25.2;14.4
23/05/2023;27.5;12.1
24/05/2023;25.7;13.0
25/05/2023;24.8;12.9
26/05/2023;27.2;14.9
27/05/2023;26.0;15.5
28/05/2023;29.9;14.7
29/05/2023;27.8;15.2
30/05/2023;27.7;16.0
31/05/2023;25.7;16.4
01/06/2023;27.7;14.5
02/06/2023;24.6;12.5
03/06/2023;26.7;13.9
04/06/2023;24.9;13.4
05/06/2023;20.2;14.7
06/06/2023;24.7;14.8
07/06/2023;26.9;15.2
08/06/2023;27.7;13.8
09/06/2023;26.8;13.4
10/06/2023;24.0;17.7
11/06/2023;27.3;16.5
12/06/2023;33.5;16.9
13/06/2023;23.9;16.0
14/06/2023;25.8;15.4
15/06/2023;26.4;16.8
16/06/2023;26.8;15.7
17/06/2023;28.1;14.5
18/06/2023;29.2;15.1
19/06/2023;30.2;16.2
20/06/2023;30.3;15.2
21/06/2023;31.3;17.8
22/06/2023;34.2;19.1
23/06/2023;28.2;19.3
24/06/2023;27.8;18.1
25/06/2023;29.0;18.1
26/06/2023;32.0;18.3
27/06/2023;32.6;17.7
28/06/2023;28.9;18.0
29/06/2023;29.9;18.3
30/06/2023;24.4;17.2
01/07/2023;25.9;15.5
02/07/2023;29.9;18.3
03/07/2023;31.3;16.4
04/07/2023;30.3;18.9
05/07/2023;29.4;18.3
06/07/2023;31.8;16.7
07/07/2023;32.1;18.9
08/07/2023;35.0;17.6
09/07/2023;36.0;20.6
10/07/2023;36.1;20.9
11/07/2023;35.6;20.9
12/07/2023;34.0;22.1
13/07/2023;30.9;21.9
14/07/2023;32.6;20.2
15/07/2023;33.9;20.4
16/07/2023;35.4;20.2
17/07/2023;34.9;20.0
18/07/2023;34.9;21.1
19/07/2023;34.6;19.5
20/07/2023;33.1;22.6
21/07/2023;32.2;22.2
22/07/2023;32.3;21.2
23/07/2023;32.5;19.9
24/07/2023;33.8;19.0
25/07/2023;28.4;19.1
26/07/2023;27.7;17.9
27/07/2023;28.7;14.7
28/07/2023;27.5;16.2
29/07/2023;29.5;18.5
30/07/2023;29.5;19.0
31/07/2023;31.6;18.5
01/08/2023;29.6;19.2
02/08/2023;28.9;19.7
03/08/2023;30.1;20.8
04/08/2023;23.0;13.6
05/08/2023;21.8;12.7
06/08/2023;26.6;13.4
07/08/2023;27.2;15.1
08/08/2023;29.1;12.9
09/08/2023;28.4;13.9
10/08/2023;31.6;15.2
11/08/2023;32.2;17.8
12/08/2023;38.2;17.1
13/08/2023;33.7;19.7
14/08/2023;35.6;19.3
15/08/2023;33.7;18.6
16/08/2023;34.3;20.2
17/08/2023;34.1;20.8
18/08/2023;35.7;20.5
19/08/2023;38.8;19.0
20/08/2023;34.1;24.2
21/08/2023;42.3;23.9
22/08/2023;38.4;20.7
23/08/2023;37.9;24.3
24/08/2023;38.7;20.8
25/08/2023;36.7;20.9
26/08/2023;33.3;20.2
27/08/2023;34.6;18.9
28/08/2023;26.2;15.2
29/08/2023;20.6;14.8
30/08/2023;22.8;14.4
31/08/2023;25.5;14.7
01/09/2023;25.9;14.8
02/09/2023;30.4;14.0
03/09/2023;32.0;17.5
04/09/2023;28.9;19.8
05/09/2023;25.1;17.1
06/09/2023;27.8;18.3
07/09/2023;29.0;20.1
08/09/2023;30.5;19.9
09/09/2023;30.7;19.5
10/09/2023;31.9;15.7
11/09/2023;31.6;16.0
12/09/2023;29.3;15.3
13/09/2023;27.0;15.8
14/09/2023;27.0;16.5
15/09/2023;27.6;16.9
16/09/2023;27.9;15.7
17/09/2023;29.2;16.2
18/09/2023;28.6;17.2
19/09/2023;28.2;18.4
20/09/2023;24.8;15.5
21/09/2023;25.6;16.2
22/09/2023;25.3;18.1
23/09/2023;22.3;13.5
24/09/2023;21.6;13.6
25/09/2023;22.6;13.5
26/09/2023;25.2;17.2
27/09/2023;26.7;18.4
28/09/2023;28.2;18.4
29/09/2023;28.4;13.3
30/09/2023;29.5;12.0
01/10/2023;30.4;13.4
02/10/2023;30.9;14.2
03/10/2023;27.0;13.8
04/10/2023;26.0;12.6
05/10/2023;26.9;16.6
06/10/2023;26.9;15.5
07/10/2023;26.3;13.1
08/10/2023;26.8;14.8
09/10/2023;24.7;14.9
10/10/2023;24.5;15.4
11/10/2023;25.3;15.9
12/10/2023;25.1;14.5
13/10/2023;24.6;13.0
14/10/2023;24.4;11.7
15/10/2023;23.1;15.8
16/10/2023;19.8;13.2
17/10/2023;21.8;12.5
18/10/2023;16.6;12.6
19/10/2023;24.5;15.6
20/10/2023;24.1;15.0
21/10/2023;20.8;12.2
22/10/2023;19.0;11.9
23/10/2023;19.9;9.7
24/10/2023;18.7;14.2
25/10/2023;20.1;13.7
26/10/2023;20.4;14.3
27/10/2023;19.1;14.9
28/10/2023;20.1;12.1
29/10/2023;22.0;11.2
30/10/2023;20.8;15.3
31/10/2023;16.5;12.7
01/11/2023;15.5;9.8
02/11/2023;18.4;11.1
03/11/2023;14.6;8.8
04/11/2023;14.8;8.5
05/11/2023;17.1;13.4
06/11/2023;17.3;11.2
07/11/2023;15.1;10.8
08/11/2023;15.0;7.2
09/11/2023;13.9;8.3
10/11/2023;13.2;7.5
11/11/2023;13.1;7.1
12/11/2023;10.1;6.2
13/11/2023;14.0;7.2
14/11/2023;18.4;11.1
15/11/2023;19.6;11.6
16/11/2023;13.5;8.6
17/11/2023;15.8;9.4
18/11/2023;15.3;4.3
19/11/2023;12.5;4.6
20/11/2023;17.7;10.7
21/11/2023;14.6;8.6
22/11/2023;10.7;9.1
23/11/2023;13.8;6.2
24/11/2023;13.8;2.4
25/11/2023;9.1;2.2
26/11/2023;10.8;-2.3
27/11/2023;8.1;1.1
28/11/2023;10.2;5.6
29/11/2023;10.4;0.4
30/11/2023;14.9;5.7
01/12/2023;20.7;14.0
02/12/2023;15.6;6.1
03/12/2023;9.0;2.3
04/12/2023;5.5;0.2
05/12/2023;6.5;3.8
06/12/2023;3.9;1.5
07/12/2023;3.1;0.2
08/12/2023;4.7;-0.3
09/12/2023;10.8;1.0
10/12/2023;10.8;6.2
11/12/2023;11.3;4.5
12/12/2023;13.5;11.3
13/12/2023;13.4;9.6
14/12/2023;11.8;7.7
15/12/2023;13.1;6.9
16/12/2023;10.0;5.9
17/12/2023;11.6;5.3
18/12/2023;14.2;2.3
19/12/2023;12.9;3.2
20/12/2023;6.7;0.3
21/12/2023;9.9;1.8
22/12/2023;12.4;7.7
23/12/2023;11.7;8.8
24/12/2023;12.3;7.5
25/12/2023;11.6;8.6
26/12/2023;10.5;7.4
27/12/2023;10.5;5.9
28/12/2023;11.0;6.7
29/12/2023;10.4;8.1
30/12/2023;10.2;8.7
31/12/2023;11.7;8.5
01/01/2024;11.4;7.8
02/01/2024;10.3;5.5
03/01/2024;14.0;7.7
04/01/2024;13.6;8.2
05/01/2024;10.9;5.5
06/01/2024;10.9;7.9
07/01/2024;8.4;5.5
08/01/2024;9.5;5.5
09/01/2024;7.5;2.1
10/01/2024;6.5;1.9
11/01/2024;8.3;1.3
12/01/2024;11.2;0.6
13/01/2024;8.9;-2.1
14/01/2024;7.0;5.1
15/01/2024;10.5;5.4
16/01/2024;11.6;8.5
17/01/2024;13.4;8.4
18/01/2024;13.9;10.5
19/01/2024;13.1;4.1
20/01/2024;4.3;1.4
21/01/2024;9.9;0.4
22/01/2024;9.9;-1.9
23/01/2024;10.4;3.6
24/01/2024;8.9;1.3
25/01/2024;9.9;5.5
26/01/2024;8.2;5.8
27/01/2024;14.9;4.3
28/01/2024;13.9;2.8
29/01/2024;13.4;0.7
30/01/2024;13.2;-0.7
31/01/2024;10.5;-0.5
01/02/2024;9.5;3.9
02/02/2024;14.7;1.4
03/02/2024;12.3;3.5
04/02/2024;12.1;8.3
05/02/2024;12.1;7.0
06/02/2024;12.8;8.6
07/02/2024;12.2;6.3
08/02/2024;12.6;7.9
09/02/2024;13.8;9.6
10/02/2024;11.4;9.4
11/02/2024;10.7;7.4
12/02/2024;11.5;7.1
13/02/2024;14.4;5.3
14/02/2024;13.4;3.3
15/02/2024;15.6;3.2
16/02/2024;15.9;4.9
17/02/2024;18.3;5.6
18/02/2024;18.0;5.5
19/02/2024;16.7;6.4
20/02/2024;17.2;5.0
21/02/2024;15.5;3.7
22/02/2024;13.2;4.8
23/02/2024;13.3;4.6
24/02/2024;12.4;4.2
25/02/2024;11.9;3.7
26/02/2024;8.7;1.1
27/02/2024;12.4;8.0
28/02/2024;15.8;7.8
29/02/2024;14.5;11.2
01/03/2024;11.6;8.1
02/03/2024;11.2;6.9
03/03/2024;12.3;4.8
04/03/2024;10.4;4.7
05/03/2024;13.9;6.3
06/03/2024;12.5;3.4
07/03/2024;10.7;1.6
08/03/2024;13.5;2.1
09/03/2024;14.7;6.7
10/03/2024;12.6;7.1
11/03/2024;11.6;5.9
12/03/2024;15.3;6.9
13/03/2024;15.8;6.3
14/03/2024;16.1;6.1
15/03/2024;11.1;5.9
16/03/2024;14.2;9.3
17/03/2024;15.2;6.5
18/03/2024;11.9;8.8
19/03/2024;19.4;7.2
20/03/2024;19.7;6.3
21/03/2024;17.8;6.1
22/03/2024;20.8;8.3
23/03/2024;16.4;7.5
24/03/2024;15.6;5.4
25/03/2024;16.5;2.4
26/03/2024;9.6;6.9
27/03/2024;11.5;6.3
28/03/2024;17.8;5.8
29/03/2024;20.8;10.7
30/03/2024;22.4;13.8
31/03/2024;21.5;12.5
01/04/2024;15.0;9.6
02/04/2024;16.8;8.2
03/04/2024;16.1;6.3
04/04/2024;18.2;8.6
05/04/2024;22.2;7.4
06/04/2024;24.3;7.8
07/04/2024;23.5;7.6
08/04/2024;25.7;9.9
09/04/2024;24.9;11.4
10/04/2024;17.2;7.7
11/04/2024;22.7;10.0
12/04/2024;26.4;14.0
13/04/2024;28.5;12.3
14/04/2024;28.2;12.6
15/04/2024;22.7;11.0
16/04/2024;18.5;9.9
17/04/2024;17.0;6.9
18/04/2024;14.8;4.4
19/04/2024;16.4;6.0
20/04/2024;14.4;5.4
21/04/2024;15.6;5.7
22/04/2024;12.5;5.0
23/04/2024;9.8;3.9
24/04/2024;13.6;4.7
25/04/2024;13.9;5.5
26/04/2024;15.7;4.4
27/04/2024;16.2;7.7
28/04/2024;24.0;7.8
29/04/2024;23.6;12.5
30/04/2024;27.5;10.3
01/05/2024;16.7;11.7
02/05/2024;14.5;6.5
03/05/2024;16.3;6.9
04/05/2024;19.3;10.1
05/05/2024;20.5;9.0
06/05/2024;22.4;8.3
07/05/2024;14.7;10.7
08/05/2024;22.1;11.2
09/05/2024;22.8;14.0
10/05/2024;24.2;13.6
11/05/2024;25.6;13.4
12/05/2024;26.8;10.8
13/05/2024;23.7;12.0
14/05/2024;23.5;12.2
15/05/2024;24.7;13.7
16/05/2024;24.9;13.3
17/05/2024;22.1;11.9
18/05/2024;26.4;9.8
19/05/2024;25.1;12.2
20/05/2024;24.3;15.5
21/05/2024;19.9;13.3
22/05/2024;20.7;13.0
23/05/2024;21.9;11.7
24/05/2024;24.2;10.7
25/05/2024;22.9;12.3
26/05/2024;25.3;11.0
27/05/2024;26.7;12.9
28/05/2024;24.9;15.6
29/05/2024;26.2;15.3
30/05/2024;21.6;14.0
31/05/2024;22.5;13.4
01/06/2024;24.5;11.1
02/06/2024;22.8;11.9
03/06/2024;21.0;13.3
04/06/2024;25.2;11.4
05/06/2024;25.7;15.2
06/06/2024;26.0;16.3
07/06/2024;28.0;14.5
08/06/2024;28.3;15.3
09/06/2024;28.3;17.3
10/06/2024;25.2;16.3
11/06/2024;26.5;14.6
12/06/2024;25.7;14.6
13/06/2024;21.9;13.3
14/06/2024;22.7;13.1
15/06/2024;27.3;12.2
16/06/2024;26.0;14.4
17/06/2024;28.8;12.7
18/06/2024;32.9;15.9
19/06/2024;30.0;18.6
20/06/2024;30.4;20.2
21/06/2024;30.6;18.2
22/06/2024;25.7;15.6
23/06/2024;23.3;15.4
24/06/2024;20.0;15.5
25/06/2024;24.8;15.1
26/06/2024;26.3;14.0
27/06/2024;27.0;16.2
28/06/2024;34.3;16.3
29/06/2024;34.0;19.5
30/06/2024;26.9;18.6
01/07/2024;29.1;17.4
02/07/2024;29.8;18.3
03/07/2024;28.0;17.2
04/07/2024;28.0;17.0
05/07/2024;30.8;16.3
06/07/2024;33.1;17.6
07/07/2024;31.3;18.3
08/07/2024;33.0;20.3
09/07/2024;33.6;18.5
10/07/2024;33.9;21.4
11/07/2024;33.0;20.6
12/07/2024;34.6;19.5
13/07/2024;31.8;20.3
14/07/2024;32.8;17.9
15/07/2024;34.8;19.3
16/07/2024;32.4;20.5
17/07/2024;33.4;19.4
18/07/2024;35.3;20.1
19/07/2024;36.0;21.2
20/07/2024;32.2;21.5
21/07/2024;33.5;19.0
22/07/2024;33.8;19.8
23/07/2024;33.6;19.4
24/07/2024;32.6;20.9
25/07/2024;34.4;20.5
26/07/2024;35.4;20.5
27/07/2024;35.6;20.7
28/07/2024;35.8;20.7
29/07/2024;36.5;22.0
30/07/2024;37.8;22.7
31/07/2024;36.0;20.5
01/08/2024;34.0;21.4
02/08/2024;34.3;19.9
03/08/2024;32.3;20.7
04/08/2024;34.0;18.5
05/08/2024;35.9;21.5
06/08/2024;34.3;21.5
07/08/2024;33.7;22.0
08/08/2024;36.5;19.6
09/08/2024;36.6;21.2
10/08/2024;37.2;22.9
11/08/2024;39.0;24.1
12/08/2024;38.2;22.6
13/08/2024;36.2;21.4
14/08/2024;36.8;18.3
15/08/2024;35.3;20.5
16/08/2024;33.9;21.3
17/08/2024;31.0;20.0
18/08/2024;27.1;16.6
19/08/2024;24.4;16.7
20/08/2024;28.0;19.3
21/08/2024;32.3;19.1
22/08/2024;34.0;19.7
23/08/2024;33.5;20.7
24/08/2024;33.4;19.5
25/08/2024;33.4;19.0
26/08/2024;33.9;19.1
27/08/2024;33.2;17.8
28/08/2024;33.6;16.6
29/08/2024;34.4;18.9
30/08/2024;34.7;19.6
31/08/2024;34.5;22.2
01/09/2024;34.7;22.0
02/09/2024;30.1;19.2
03/09/2024;31.5;17.0
04/09/2024;31.7;19.2
05/09/2024;22.1;17.8
06/09/2024;28.1;16.8
07/09/2024;30.2;16.1
08/09/2024;25.9;18.7
09/09/2024;24.2;18.4
10/09/2024;28.8;16.3
11/09/2024;27.5;15.7
12/09/2024;19.4;12.4
13/09/2024;15.7;10.1
14/09/2024;20.9;9.2
15/09/2024;21.6;10.3
16/09/2024;23.1;12.7
17/09/2024;17.1;12.7
18/09/2024;19.7;13.3
19/09/2024;18.6;12.4
20/09/2024;21.6;15.6
21/09/2024;24.0;14.3
22/09/2024;24.1;13.6
23/09/2024;21.5;14.9
24/09/2024;21.2;15.0
25/09/2024;23.3;14.5
26/09/2024;24.6;15.3
27/09/2024;24.7;17.9
28/09/2024;19.5;13.1
29/09/2024;21.5;9.8
30/09/2024;19.9;9.4
01/10/2024;17.4;12.7
02/10/2024;22.8;13.3
03/10/2024;13.9;10.3
04/10/2024;17.4;10.1
05/10/2024;16.2;10.0
06/10/2024;17.0;6.8
07/10/2024;16.4;12.7
08/10/2024;19.0;15.2
09/10/2024;22.7;15.1
10/10/2024;21.3;14.7
11/10/2024;19.4;12.9
12/10/2024;19.9;10.5
13/10/2024;18.6;12.4
14/10/2024;21.3;13.6
15/10/2024;22.3;14.5
16/10/2024;16.8;13.5
17/10/2024;18.9;13.8
18/10/2024;21.4;14.6
19/10/2024;19.0;13.7
20/10/2024;22.2;15.0
21/10/2024;24.0;14.3
22/10/2024;21.1;14.1
23/10/2024;17.3;15.0
24/10/2024;17.8;14.8
25/10/2024;17.6;14.8
26/10/2024;22.0;15.5
27/10/2024;21.7;14.2
28/10/2024;21.7;13.4
29/10/2024;22.2;11.3
30/10/2024;22.3;10.7
31/10/2024;24.2;11.2
01/11/2024;21.8;8.1
02/11/2024;22.5;7.3
03/11/2024;19.2;9.8
04/11/2024;19.7;6.4
05/11/2024;16.0;5.7
06/11/2024;18.3;5.6
07/11/2024;17.7;4.8
08/11/2024;17.9;6.3
09/11/2024;17.4;8.1
10/11/2024;16.2;8.0
11/11/2024;16.2;7.0
12/11/2024;14.7;5.9
13/11/2024;12.7;4.5
14/11/2024;10.0;3.9
15/11/2024;13.6;4.3
16/11/2024;12.3;1.5
17/11/2024;11.7;5.1
18/11/2024;13.9;9.2
19/11/2024;12.8;8.4
20/11/2024;13.3;5.3
21/11/2024;12.7;-0.1
22/11/2024;14.5;3.0
23/11/2024;10.7;-1.6
24/11/2024;9.0;3.5
25/11/2024;13.0;2.1
26/11/2024;14.7;7.8
27/11/2024;14.0;9.7
28/11/2024;11.5;8.9
29/11/2024;13.4;6.3
30/11/2024;10.1;6.5
01/12/2024;11.3;6.0
02/12/2024;13.9;4.4
03/12/2024;7.2;1.6
04/12/2024;10.4;5.2
05/12/2024;9.0;3.3
06/12/2024;5.3;-0.6
07/12/2024;6.4;0.8
08/12/2024;6.7;1.6
09/12/2024;5.9;2.1
10/12/2024;10.3;4.6
11/12/2024;11.3;4.2
12/12/2024;10.8;0.9
13/12/2024;8.5;2.2
14/12/2024;7.9;4.3
15/12/2024;7.1;0.6
16/12/2024;9.8;-0.8
17/12/2024;11.3;2.8
18/12/2024;10.6;9.5
19/12/2024;10.6;8.6
20/12/2024;10.8;4.0
21/12/2024;9.6;0.5
22/12/2024;6.7;-2.2
23/12/2024;5.9;2.7
24/12/2024;9.8;1.8
25/12/2024;10.0;5.5
26/12/2024;9.8;4.8
27/12/2024;12.0;4.3
28/12/2024;11.1;3.0
29/12/2024;12.0;4.2
30/12/2024;12.0;1.0
31/12/2024;9.2;0.2
01/01/2025;10.9;5.3
02/01/2025;10.8;5.8
03/01/2025;10.6;2.8
04/01/2025;7.4;-1.7
05/01/2025;10.1;0.3
06/01/2025;13.0;9.5
07/01/2025;12.4;8.3
08/01/2025;11.6;8.6
09/01/2025;15.0;9.9
10/01/2025;12.7;6.1
11/01/2025;8.8;4.2
12/01/2025;6.7;3.0
13/01/2025;5.0;2.4
14/01/2025;4.2;1.1
15/01/2025;6.4;-1.2
16/01/2025;7.8;3.5
17/01/2025;8.0;3.7
18/01/2025;8.8;4.2
19/01/2025;11.5;4.7
20/01/2025;9.4;5.2
21/01/2025;8.9;6.1
22/01/2025;8.0;4.1
23/01/2025;13.7;8.0
24/01/2025;11.6;7.6
25/01/2025;11.8;4.8
26/01/2025;12.1;7.2
27/01/2025;14.5;6.0
28/01/2025;14.7;7.4
29/01/2025;12.4;5.4
30/01/2025;11.6;3.0
31/01/2025;9.6;3.7
01/02/2025;12.7;5.7
02/02/2025;12.3;6.3
03/02/2025;12.4;5.3
04/02/2025;13.9;0.8
05/02/2025;14.7;2.5
06/02/2025;14.3;3.9
07/02/2025;11.8;2.2
08/02/2025;9.9;3.8
09/02/2025;13.4;6.4
10/02/2025;13.4;3.8
11/02/2025;10.3;6.9
12/02/2025;9.8;7.0
13/02/2025;11.8;7.0
14/02/2025;7.8;3.9
15/02/2025;6.9;2.6
16/02/2025;10.4;-1.3
17/02/2025;9.8;2.3
18/02/2025;8.4;-0.9
19/02/2025;6.7;3.2
20/02/2025;11.3;2.9
21/02/2025;15.9;2.6
22/02/2025;10.9;5.8
23/02/2025;14.0;8.9
24/02/2025;10.7;9.1
25/02/2025;13.2;9.3
26/02/2025;12.8;7.9
27/02/2025;14.4;5.7
28/02/2025;13.0;3.7
01/03/2025;13.1;6.7
02/03/2025;11.1;5.1
03/03/2025;15.0;4.0
04/03/2025;16.5;0.9
05/03/2025;17.4;2.6
06/03/2025;18.4;2.8
07/03/2025;17.5;3.2
08/03/2025;18.1;7.3
09/03/2025;15.7;7.8
10/03/2025;15.1;9.8
11/03/2025;15.8;8.0
12/03/2025;12.2;7.3
13/03/2025;13.9;8.5
14/03/2025;14.1;9.0
15/03/2025;16.7;8.5
16/03/2025;11.1;5.9
17/03/2025;13.3;3.4
18/03/2025;9.0;1.4
19/03/2025;13.9;0.1
20/03/2025;16.3;1.2
21/03/2025;14.1;8.3
22/03/2025;11.4;7.5
23/03/2025;16.0;10.3
24/03/2025;18.3;8.2
25/03/2025;16.0;7.7
26/03/2025;16.2;5.7
27/03/2025;13.0;10.2
28/03/2025;13.3;9.3
29/03/2025;13.5;8.2
30/03/2025;18.3;10.1
31/03/2025;16.9;6.0
01/04/2025;11.4;8.3
02/04/2025;16.6;9.7
03/04/2025;21.3;8.2
04/04/2025;21.6;9.2
05/04/2025;20.5;6.0
06/04/2025;19.5;5.4
07/04/2025;16.3;2.6
08/04/2025;16.8;3.4
09/04/2025;16.8;3.4
10/04/2025;19.0;8.1
11/04/2025;19.3;7.2
12/04/2025;19.9;6.9
13/04/2025;13.0;9.7
14/04/2025;13.0;9.9
15/04/2025;15.7;12.6
16/04/2025;21.4;11.7
17/04/2025;14.9;9.7
18/04/2025;11.6;8.7
19/04/2025;17.7;5.9
20/04/2025;18.7;9.0
21/04/2025;20.8;10.4
22/04/2025;22.0;9.9
23/04/2025;20.0;11.7
24/04/2025;19.8;10.7
25/04/2025;19.6;10.9
26/04/2025;17.9;11.0
27/04/2025;20.8;10.3
28/04/2025;23.9;13.3
29/04/2025;24.1;11.4
30/04/2025;25.3;13.1
01/05/2025;27.1;10.3
02/05/2025;27.2;12.4
03/05/2025;22.8;11.5
04/05/2025;22.3;9.4
05/05/2025;19.3;11.7
06/05/2025;17.0;10.1
07/05/2025;15.5;8.7
08/05/2025;16.7;8.8
09/05/2025;18.5;10.3
10/05/2025;22.6;10.1
11/05/2025;22.6;11.2
12/05/2025;22.0;10.1
13/05/2025;21.3;13.1
14/05/2025;24.3;11.5
15/05/2025;24.2;10.1
16/05/2025;18.3;9.8
17/05/2025;19.1;8.3
18/05/2025;18.1;6.7
19/05/2025;22.9;11.8
20/05/2025;21.1;12.7
21/05/2025;20.4;11.7
22/05/2025;22.2;11.2
23/05/2025;17.9;10.0
24/05/2025;21.3;9.7
25/05/2025;22.5;10.1
26/05/2025;21.8;13.2
27/05/2025;23.4;11.7
28/05/2025;24.8;12.6
29/05/2025;27.1;14.1
30/05/2025;28.9;13.1
31/05/2025;29.2;15.0
01/06/2025;28.1;16.1
02/06/2025;28.5;15.3
03/06/2025;28.2;17.9
04/06/2025;28.0;13.9
05/06/2025;26.4;14.0
06/06/2025;27.2;17.5
07/06/2025;29.2;15.7
08/06/2025;26.4;17.0
09/06/2025;30.7;14.4
10/06/2025;30.4;17.9
11/06/2025;30.8;17.7
12/06/2025;32.4;18.1
13/06/2025;33.3;19.3
14/06/2025;34.1;20.2
15/06/2025;33.4;21.6
16/06/2025;31.9;19.6
17/06/2025;23.2;17.2
18/06/2025;31.4;19.1
19/06/2025;34.3;19.1
20/06/2025;34.2;20.5
21/06/2025;32.8;19.8
22/06/2025;31.9;18.2
23/06/2025;31.8;18.5
24/06/2025;31.3;18.0
25/06/2025;34.1;19.5
26/06/2025;33.9;20.3
27/06/2025;33.5;19.8
28/06/2025;34.5;22.9
29/06/2025;34.0;22.5
30/06/2025;37.0;20.5
01/07/2025;37.2;21.2
02/07/2025;34.8;19.0
03/07/2025;34.9;17.4
04/07/2025;35.6;22.2
05/07/2025;33.6;21.3
06/07/2025;29.7;17.9
07/07/2025;26.1;20.0
08/07/2025;26.9;16.1
09/07/2025;26.7;13.8
10/07/2025;28.5;12.6
11/07/2025;29.3;15.1
12/07/2025;28.2;16.3
13/07/2025;25.2;16.6
14/07/2025;28.9;15.4
15/07/2025;32.3;17.3
16/07/2025;33.0;19.2
17/07/2025;31.6;20.4
18/07/2025;32.7;17.6
19/07/2025;30.2;19.2
20/07/2025;31.7;19.1
21/07/2025;31.8;21.8
22/07/2025;28.2;19.1
23/07/2025;29.6;17.4
24/07/2025;31.9;17.7
25/07/2025;26.3;19.1
26/07/2025;27.3;17.0
27/07/2025;29.1;14.9
28/07/2025;20.4;15.4
29/07/2025;26.9;15.3
30/07/2025;29.0;15.0
31/07/2025;29.6;15.3
01/08/2025;30.0;16.5
02/08/2025;25.6;17.9
03/08/2025;24.2;15.8
04/08/2025;27.5;16.6
05/08/2025;31.5;16.1
06/08/2025;32.6;18.7
07/08/2025;33.1;18.7
08/08/2025;34.5;20.6
09/08/2025;36.9;20.4
10/08/2025;37.5;21.7
11/08/2025;36.3;24.4
12/08/2025;36.8;22.9
13/08/2025;36.6;22.0
14/08/2025;35.9;22.2
15/08/2025;34.4;19.2
16/08/2025;34.5;19.6
17/08/2025;33.4;19.5
18/08/2025;32.2;17.9
19/08/2025;32.2;18.2
20/08/2025;27.9;18.0
21/08/2025;26.1;18.1
22/08/2025;28.3;16.3
23/08/2025;26.8;15.8
24/08/2025;27.7;17.0
25/08/2025;28.5;16.4
26/08/2025;29.6;16.3
27/08/2025;30.5;17.1
28/08/2025;31.1;17.8
29/08/2025;26.7;18.3
30/08/2025;21.8;14.8
31/08/2025;26.2;13.6
01/09/2025;26.8;14.5
02/09/2025;24.1;17.2
03/09/2025;25.1;16.7
04/09/2025;28.5;15.1
05/09/2025;26.5;17.3
06/09/2025;29.3;14.7
07/09/2025;28.1;15.6
08/09/2025;27.7;14.6
09/09/2025;23.5;16.9
10/09/2025;20.4;18.2
11/09/2025;23.9;16.3
12/09/2025;24.2;14.7
13/09/2025;23.1;15.4
14/09/2025;23.5;14.1
15/09/2025;25.7;14.8
16/09/2025;24.2;17.7
17/09/2025;25.5;15.5
18/09/2025;29.5;15.5
19/09/2025;31.4;16.1
20/09/2025;31.4;17.0
21/09/2025;29.6;16.2
22/09/2025;24.0;15.7
23/09/2025;23.1;16.3
24/09/2025;20.9;12.9
25/09/2025;16.1;11.1
26/09/2025;18.7;11.5
27/09/2025;21.4;11.1
28/09/2025;19.8;12.0
29/09/2025;22.9;13.9
30/09/2025;22.5;9.4
01/10/2025;18.0;12.1
02/10/2025;15.5;9.3
03/10/2025;16.6;7.2
04/10/2025;18.4;4.1
05/10/2025;15.1;7.9
06/10/2025;19.2;5.2
07/10/2025;19.4;6.8
08/10/2025;21.4;8.8
09/10/2025;23.2;9.8
10/10/2025;24.8;10.9
11/10/2025;24.4;10.9
12/10/2025;23.1;11.2
13/10/2025;23.1;9.9
14/10/2025;22.1;10.7
15/10/2025;20.5;12.4
16/10/2025;19.7;11.1
17/10/2025;18.0;11.0
18/10/2025;19.9;9.9
19/10/2025;19.5;6.2
20/10/2025;16.6;6.4
21/10/2025;16.0;12.7
22/10/2025;16.1;13.2
23/10/2025;19.9;14.6
24/10/2025;17.3;12.5
25/10/2025;17.7;13.3
26/10/2025;17.8;11.1
27/10/2025;14.9;6.7
28/10/2025;17.8;10.8
29/10/2025;19.5;11.0
30/10/2025;16.3;13.9
31/10/2025;18.6;13.8
01/11/2025;18.4;11.8
02/11/2025;18.2;14.0
03/11/2025;18.0;10.8
04/11/2025;18.9;7.7
05/11/2025;18.2;5.2
06/11/2025;17.1;3.9
07/11/2025;13.8;4.6
08/11/2025;15.3;6.7
09/11/2025;15.0;6.6
10/11/2025;14.3;7.7
11/11/2025;15.7;3.8
12/11/2025;17.5;8.5
13/11/2025;16.4;9.1
14/11/2025;15.4;11.2
15/11/2025;16.6;12.6
16/11/2025;17.1;13.2
17/11/2025;16.3;11.2
18/11/2025;14.0;5.6
19/11/2025;9.6;3.4
20/11/2025;11.2;6.5
21/11/2025;9.8;4.4
22/11/2025;4.4;2.3
23/11/2025;5.4;-0.8
24/11/2025;10.9;4.0
25/11/2025;11.9;5.4
26/11/2025;8.7;4.0
27/11/2025;7.5;5.3
28/11/2025;8.0;4.7
29/11/2025;9.9;0.6
30/11/2025;8.8;-1.8
01/12/2025;7.4;4.8
02/12/2025;10.6;4.4
03/12/2025;8.4;1.9
04/12/2025;10.3;4.0
05/12/2025;12.4;5.7
06/12/2025;10.7;4.6
07/12/2025;13.3;5.0
08/12/2025;12.8;3.5
09/12/2025;12.9;4.3
10/12/2025;11.5;5.8
11/12/2025;9.0;4.0
12/12/2025;8.3;4.1
13/12/2025;12.8;2.7
14/12/2025;8.4;0.1
15/12/2025;7.1;-0.3
16/12/2025;8.9;5.9
17/12/2025;11.3;8.4
18/12/2025;13.0;9.2
19/12/2025;12.0;9.4
20/12/2025;13.1;7.1
21/12/2025;11.9;5.1
22/12/2025;12.7;5.9
23/12/2025;11.0;7.9
24/12/2025;11.3;7.3
25/12/2025;8.9;6.9
26/12/2025;10.2;4.3
27/12/2025;11.4;2.5
28/12/2025;9.7;-0.1
29/12/2025;11.4;0.6
30/12/2025;11.8;2.5
31/12/2025;7.9;-1.1
01/01/2026;3.9;-4.7
02/01/2026;12.6;3.4
03/01/2026;10.4;6.7
04/01/2026;8.3;4.4
05/01/2026;4.6;2.7
06/01/2026;3.1;-0.2
07/01/2026;2.3;-3.7
08/01/2026;2.2;-6.1
09/01/2026;10.1;2.0
10/01/2026;8.5;1.5
11/01/2026;9.6;-0.8
12/01/2026;6.3;-3.8
13/01/2026;9.2;5.1
14/01/2026;10.9;6.8
15/01/2026;12.0;8.6
16/01/2026;13.7;6.0
17/01/2026;14.7;3.8
18/01/2026;13.2;4.6
19/01/2026;10.7;6.4
20/01/2026;10.4;4.7
21/01/2026;8.8;1.6
22/01/2026;9.9;1.1
23/01/2026;8.2;0.7
24/01/2026;9.5;7.3
25/01/2026;8.6;3.9
26/01/2026;9.0;3.0
27/01/2026;8.9;0.2
28/01/2026;9.7;6.0
29/01/2026;6.8;3.8
30/01/2026;8.1;4.4
31/01/2026;11.2;4.2
01/02/2026;10.2;2.5
02/02/2026;8.3;-0.7
03/02/2026;10.2;7.0
04/02/2026;9.1;7.2
05/02/2026;9.0;6.0
06/02/2026;10.6;7.2
07/02/2026;11.4;5.6
08/02/2026;9.8;5.3
09/02/2026;11.0;6.3
10/02/2026;10.5;4.3
11/02/2026;11.3;7.4
12/02/2026;12.1;8.2
13/02/2026;13.1;5.6
14/02/2026;10.5;7.6
15/02/2026;13.1;6.2
16/02/2026;10.6;4.7
17/02/2026;13.9;3.8
18/02/2026;11.9;3.3
19/02/2026;10.7;7.8
20/02/2026;14.2;6.6
21/02/2026;14.8;5.3
22/02/2026;16.5;3.0
23/02/2026;12.4;6.7
24/02/2026;13.2;8.3
25/02/2026;17.8;6.4
26/02/2026;17.1;6.3
27/02/2026;12.2;8.5
28/02/2026;13.7;8.0
01/03/2026;12.9;5.5
02/03/2026;15.1;6.7
03/03/2026;14.3;7.3
04/03/2026;13.1;6.5
05/03/2026;18.4;5.4
06/03/2026;15.9;7.0
07/03/2026;16.0;4.5
08/03/2026;15.3;8.8
09/03/2026;17.8;4.9
10/03/2026;17.1;5.4
11/03/2026;14.3;8.4
12/03/2026;12.8;8.0
13/03/2026;18.1;8.2
14/03/2026;13.7;5.5
15/03/2026;17.5;9.4
16/03/2026;19.0;9.8
17/03/2026;15.3;8.1
18/03/2026;9.6;5.9
19/03/2026;14.1;7.4
20/03/2026;14.1;6.3
21/03/2026;14.6;6.3
22/03/2026;12.2;6.1
23/03/2026;14.3;5.3
24/03/2026;16.8;7.8
25/03/2026;15.2;4.8
26/03/2026;11.4;2.2
27/03/2026;9.5;3.2
28/03/2026;16.1;4.8
29/03/2026;14.6;3.3
30/03/2026;14.7;5.1
31/03/2026;11.8;4.0
01/04/2026;9.4;7.1
02/04/2026;11.6;8.1
03/04/2026;18.5;10.2
04/04/2026;21.2;7.0
05/04/2026;21.4;7.2
06/04/2026;19.7;9.0
07/04/2026;20.6;9.2
08/04/2026;21.0;6.5
09/04/2026;21.6;7.5
10/04/2026;20.8;7.3
11/04/2026;22.0;8.5
12/04/2026;21.8;10.4
13/04/2026;19.2;12.1
14/04/2026;15.1;11.6
15/04/2026;18.9;13.4
16/04/2026;23.2;12.8
17/04/2026;24.1;13.2
18/04/2026;24.7;13.1
19/04/2026;23.1;10.3
20/04/2026;20.8;8.8
21/04/2026;18.4;11.6
22/04/2026;17.6;8.7
23/04/2026;19.4;8.9
24/04/2026;21.9;5.6
25/04/2026;21.5;9.1
26/04/2026;22.0;7.2
27/04/2026;23.4;8.0
28/04/2026;24.8;8.4
29/04/2026;25.3;9.2
30/04/2026;18.4;9.6
01/05/2026;18.2;9.0
02/05/2026;24.1;9.5
03/05/2026;22.1;8.6
04/05/2026;23.1;8.5
05/05/2026;15.0;10.8
06/05/2026;19.8;10.8
07/05/2026;20.6;9.2
08/05/2026;21.8;12.2
09/05/2026;24.2;11.3
10/05/2026;17.3;13.2
11/05/2026;21.2;13.6
12/05/2026;17.9;12.4
13/05/2026;17.8;10.8
14/05/2026;19.0;10.1
15/05/2026;13.7;10.1
16/05/2026;15.5;8.4
17/05/2026;20.5;7.0
18/05/2026;20.2;7.7
19/05/2026;19.6;10.5
20/05/2026;22.8;11.4
21/05/2026;26.6;12.7
22/05/2026;25.9;13.8
23/05/2026;26.1;17.5
24/05/2026;27.9;18.2
25/05/2026;30.5;19.7
26/05/2026;31.5;17.6
27/05/2026;30.3;18.6
28/05/2026;23.9;16.6
29/05/2026;28.3;17.1
30/05/2026;29.6;14.9
31/05/2026;28.0;16.6
01/06/2026;25.6;16.1
02/06/2026;26.8;17.1
03/06/2026;25.7;15.4
04/06/2026;26.3;16.6
05/06/2026;24.4;15.2
06/06/2026;24.3;14.3
07/06/2026;27.6;14.7
08/06/2026;28.4;15.3
09/06/2026;27.3;15.0
10/06/2026;26.9;15.2
11/06/2026;25.2;15.7
