Data;Altezza (m slm);Milioni mc
01/01/2023;250,11;60,18
02/01/2023;250,09;60,09
03/01/2023;250,06;59,97
04/01/2023;250,03;59,84
05/01/2023;249,99;59,66
06/01/2023;249,98;59,62
07/01/2023;249,95;59,47
08/01/2023;249,92;59,32
09/01/2023;250,4;61,38
10/01/2023;250,54;62,02
11/01/2023;250,48;61,77
12/01/2023;250,42;61,51
13/01/2023;250,36;61,26
14/01/2023;250,3;60,99
15/01/2023;250,26;60,82
16/01/2023;250,24;60,74
17/01/2023;250,26;60,82
18/01/2023;250,45;61,64
19/01/2023;250,66;62,54
20/01/2023;250,64;62,46
21/01/2023;250,57;62,16
22/01/2023;250,49;61,81
23/01/2023;250,44;61,6
24/01/2023;250,43;61,56
25/01/2023;250,41;61,47
26/01/2023;250,38;61,34
27/01/2023;250,34;61,17
28/01/2023;250,3;60,99
29/01/2023;250,27;60,87
30/01/2023;250,24;60,74
31/01/2023;250,21;60,61
01/02/2023;250,18;60,48
02/02/2023;250,16;60,4
03/02/2023;250,15;60,36
04/02/2023;250,14;60,31
05/02/2023;250,12;60,23
06/02/2023;250,09;60,1
07/02/2023;250,07;60,01
08/02/2023;250,08;60,06
09/02/2023;250,08;60,06
10/02/2023;250,09;60,1
11/02/2023;250,1;60,14
12/02/2023;250,11;60,18
13/02/2023;250,11;60,18
14/02/2023;250,11;60,18
15/02/2023;250,12;60,23
16/02/2023;250,12;60,23
17/02/2023;250,12;60,23
18/02/2023;250,12;60,23
19/02/2023;250,12;60,23
20/02/2023;250,12;60,23
21/02/2023;250,11;60,18
22/02/2023;250,11;60,18
23/02/2023;250,11;60,18
24/02/2023;250,11;60,18
25/02/2023;250,11;60,18
26/02/2023;250,14;60,31
27/02/2023;250,23;60,69
28/02/2023;250,26;60,83
01/03/2023;250,3;60,99
02/03/2023;250,33;61,13
03/03/2023;250,38;61,34
04/03/2023;250,4;61,43
05/03/2023;250,42;61,51
06/03/2023;250,44;61,6
07/03/2023;250,51;61,9
08/03/2023;250,57;62,16
09/03/2023;250,61;62,32
10/03/2023;250,65;62,49
11/03/2023;250,74;62,88
12/03/2023;250,8;63,14
13/03/2023;250,83;63,27
14/03/2023;250,83;63,27
15/03/2023;250,88;63,48
16/03/2023;250,89;63,53
17/03/2023;250,89;63,53
18/03/2023;250,9;63,57
19/03/2023;250,9;63,57
20/03/2023;251,16;64,82
21/03/2023;251,28;65,43
22/03/2023;251,28;65,43
23/03/2023;251,26;65,33
24/03/2023;251,24;65,23
25/03/2023;251,2;65,02
26/03/2023;251,17;64,87
27/03/2023;251,18;64,92
28/03/2023;251,1;64,51
29/03/2023;251,02;64,1
30/03/2023;250,95;63,78
31/03/2023;250,94;63,74
01/04/2023;250,99;63,96
02/04/2023;251,03;64,15
03/04/2023;251,04;64,2
04/04/2023;251,06;64,31
05/04/2023;251,08;64,41
06/04/2023;251,09;64,45
07/04/2023;251,1;64,51
08/04/2023;251,12;64,61
09/04/2023;251,13;64,66
10/04/2023;251,13;64,66
11/04/2023;251,14;64,71
12/04/2023;251,15;64,77
13/04/2023;251,14;64,71
14/04/2023;251,16;64,82
15/04/2023;251,17;64,87
16/04/2023;251,17;64,87
17/04/2023;251,18;64,92
18/04/2023;251,18;64,92
19/04/2023;251,17;64,87
20/04/2023;251,18;64,92
21/04/2023;251,19;64
22/04/2023;251,21;65,07
23/04/2023;251,22;65,13
24/04/2023;251,21;65,07
25/04/2023;251,22;65,13
26/04/2023;251,22;65,13
27/04/2023;251,22;65,13
28/04/2023;251,22;65,13
29/04/2023;251,22;65,13
30/04/2023;251,22;65,13
01/05/2023;251,22;65,13
02/05/2023;251,23;65,18
03/05/2023;251,28;65,43
04/05/2023;251,3;65,54
05/05/2023;251,3;65,54
06/05/2023;251,3;65,54
07/05/2023;251,3;65,54
08/05/2023;251,3;65,54
09/05/2023;251,3;65,54
10/05/2023;251,31;65,59
11/05/2023;251,37;65,9
12/05/2023;251,4;66,05
13/05/2023;251,43;66,21
14/05/2023;251,44;66,26
15/05/2023;251,47;66,41
16/05/2023;251,47;66,41
17/05/2023;251,67;67,44
18/05/2023;251,8;68,11
19/05/2023;251,82;68,22
20/05/2023;251,85;68,37
21/05/2023;251,86;68,37
22/05/2023;251,86;68,37
23/05/2023;251,83;68,26
24/05/2023;251,84;68,32
25/05/2023;251,84;68,32
26/05/2023;251,82;68,21
27/05/2023;251,83;68,26
28/05/2023;251,83;68,26
29/05/2023;251,84;68,32
30/05/2023;251,83;68,27
31/05/2023;251,85;68,37
01/06/2023;251,85;68,37
02/06/2023;251,87;68,47
03/06/2023;251,88;68,52
04/06/2023;251,89;68,58
05/06/2023;251,91;68,68
06/06/2023;251,93;68,78
07/06/2023;251,94;68,83
08/06/2023;251,92;68,73
09/06/2023;251,91;68,67
10/06/2023;251,9;68,62
11/06/2023;251,89;68,58
12/06/2023;251,88;68,52
13/06/2023;251,89;68,58
14/06/2023;251,9;68,62
15/06/2023;251,9;68,62
16/06/2023;251,9;68,62
17/06/2023;251,91;68,68
18/06/2023;251,91;68,68
19/06/2023;251,9;68,62
20/06/2023;251,9;68,62
21/06/2023;251,89;68,58
22/06/2023;251,89;68,58
23/06/2023;251,88;68,52
24/06/2023;251,88;68,52
25/06/2023;251,86;68,42
26/06/2023;251,85;68,37
27/06/2023;251,83;68,27
28/06/2023;251,84;68,32
29/06/2023;251,82;68,22
30/06/2023;251,81;68,16
01/07/2023;251,81;68,16
02/07/2023;251,8;68,11
03/07/2023;251,79;68,06
04/07/2023;251,78;68,01
05/07/2023;251,77;67,95
06/07/2023;251,75;67,85
07/07/2023;251,74;67,85
08/07/2023;251,72;67,7
09/07/2023;251,72;67,7
10/07/2023;251,71;67,65
11/07/2023;251,69;67,55
12/07/2023;251,66;67,34
13/07/2023;251,64;67,29
14/07/2023;251,61;67,13
15/07/2023;251,58;66,98
16/07/2023;251,55;66,82
17/07/2023;251,52;66,67
18/07/2023;251,48;66,46
19/07/2023;251,45;66,31
20/07/2023;251,42;66,15
21/07/2023;251,39;66
22/07/2023;251,36;65,81
23/07/2023;251,32;65,64
24/07/2023;251,28;65,44
25/07/2023;251,24;65,23
26/07/2023;251,21;65,08
27/07/2023;251,16;64,82
28/07/2023;251,12;64,61
29/07/2023;251,08;64,41
30/07/2023;251,04;64,2
31/07/2023;250,99;63,95
01/08/2023;250,95;63,78
02/08/2023;250,91;63,61
03/08/2023;250,87;63,44
04/08/2023;250,83;63,27
05/08/2023;250,79;63,09
06/08/2023;250,75;62,92
07/08/2023;250,71;62,71
08/08/2023;250,66;62,54
09/08/2023;250,61;62,32
10/08/2023;250,57;62,15
11/08/2023;250,53;61,98
12/08/2023;250,48;61,77
13/08/2023;250,44;61,6
14/08/2023;250,38;61,34
15/08/2023;250,32;61,08
16/08/2023;250,28;60,91
17/08/2023;250,23;60,69
18/08/2023;250,18;60,48
19/08/2023;250,13;60,27
20/08/2023;250,08;60,05
21/08/2023;250,02;59,79
22/08/2023;249,97;59,56
23/08/2023;249,92;59,32
24/08/2023;249,87;59,08
25/08/2023;249,81;58,79
26/08/2023;249,75;58,5
27/08/2023;249,71;58,3
28/08/2023;249,65;58,01
29/08/2023;249,63;57,92
30/08/2023;249,57;57,67
31/08/2023;249,52;57,38
01/09/2023;249,47;57,13
02/09/2023;249,42;56,89
03/09/2023;249,37;56,65
04/09/2023;249,32;56,41
05/09/2023;249,26;56,11
06/09/2023;249,2;55,83
07/09/2023;249,15;55,58
08/09/2023;249,08;55,24
09/09/2023;249,02;54,95
10/09/2023;248,94;54,56
11/09/2023;248,88;54,27
12/09/2023;248,82;53,98
13/09/2023;248,76;53,69
14/09/2023;248,7;53,4
15/09/2023;248,65;53,16
16/09/2023;248,57;52,77
17/09/2023;248,52;52,52
18/09/2023;248,46;52,23
19/09/2023;248,4;51,94
20/09/2023;248,34;51,65
21/09/2023;248,26;51,26
22/09/2023;248,22;51,06
23/09/2023;248,18;50,87
24/09/2023;248,1;50,48
25/09/2023;248,04;50,19
26/09/2023;247,94;49,76
27/09/2023;247,91;49,64
28/09/2023;247,83;49,32
29/09/2023;247,78;49,12
30/09/2023;247,71;48,84
01/10/2023;247,64;48,56
02/10/2023;247,58;48,32
03/10/2023;247,52;48,08
04/10/2023;247,45;47,8
05/10/2023;247,4;47,6
06/10/2023;247,32;47,28
07/10/2023;247,27;47,08
08/10/2023;247,2;46,8
09/10/2023;247,14;46,56
10/10/2023;247,08;46,32
11/10/2023;247,03;46,12
12/10/2023;246,96;45,83
13/10/2023;246,89;45,52
14/10/2023;246,81;45,18
15/10/2023;246,78;45,06
16/10/2023;246,73;44,84
17/10/2023;246,66;44,54
18/10/2023;246,62;44,37
19/10/2023;246,57;44,15
20/10/2023;246,54;44,02
21/10/2023;246,56;44,11
22/10/2023;246,53;43,98
23/10/2023;246,52;43,94
24/10/2023;246,47;43,73
25/10/2023;246,53;43,98
26/10/2023;246,67;44,58
27/10/2023;246,74;44,88
28/10/2023;246,85;45,357
29/10/2023;246,88;45,485
30/10/2023;246,96;45,828
31/10/2023;247,09;46,36
01/11/2023;247,16;46,64
02/11/2023;247,18;46,72
03/11/2023;250,13;60,27
04/11/2023;250,39;61,38
05/11/2023;251,14;64,71
06/11/2023;251,38;65,95
07/11/2023;251,3;65,54
08/11/2023;251,18;64,92
09/11/2023;251,06;64,3
10/11/2023;250,97;63,87
11/11/2023;251,08;64,41
12/11/2023;251;64
13/11/2023;250,9;63,57
14/11/2023;250,78;63,06
15/11/2023;250,67;62,58
16/11/2023;250,54;62,03
17/11/2023;250,4;61,42
18/11/2023;250,27;60,87
19/11/2023;250,14;60,31
20/11/2023;250,03;59,84
21/11/2023;249,93;59,37
22/11/2023;249,82;58,84
23/11/2023;249,72;58,35
24/11/2023;249,62;57,86
25/11/2023;249,55;57,53
26/11/2023;249,5;57,28
27/11/2023;249,49;57,24
28/11/2023;249,46;57,09
29/11/2023;249,43;56,94
30/11/2023;249,4;56,79
01/12/2023;250,12;60,23
02/12/2023;250,35;61,21
03/12/2023;250,59;62,24
04/12/2023;250,57;62,15
05/12/2023;250,77;63,01
06/12/2023;250,77;63,01
07/12/2023;250,64;62,46
08/12/2023;250,53;61,98
09/12/2023;250,45;61,64
10/12/2023;250,39;61,38
11/12/2023;250,33;61,13
12/12/2023;250,35;61,21
13/12/2023;250,38;61,34
14/12/2023;250,66;62,54
15/12/2023;250,61;62,32
16/12/2023;250,51;61,89
17/12/2023;250,45;61,64
18/12/2023;250,39;61,38
19/12/2023;250,33;61,13
20/12/2023;250,28;60,91
21/12/2023;250,24;60,74
22/12/2023;250,19;60,53
23/12/2023;250,13;60,27
24/12/2023;250,04;59,88
25/12/2023;249,96;59,52
26/12/2023;249,86;59,03
27/12/2023;249,78;58,64
28/12/2023;249,69;58,2
29/12/2023;249,61;57,81
30/12/2023;249,58;57,67
31/12/2023;249,56;57,57
