"Stazione";"Borgo S. Lorenzo 2"
"Codice";"TOS11000017"
"Comune";"Borgo San Lorenzo"
"Provincia";"FI"
"GB [m]";"E";1691669;"N";4873134
"WGS84 [°]";"Lat";43.986;"Lon";11.390
"Quota [m]";280,00

;;;ATTENZIONE i dati sono nel fomato csv ed utilizzano
;;;come separatore di colonna il "punto e virgola" e
;;;come separatore decimale la "virgola"
;;;verificare le proprie impostazioni internazionali per una corretta visulizzazione.
;;;Il valore contrassegnato con N corrisponde al dato non validato
;;;Il valore contrassegnato con R corrisponde al dato ricostruito
;;;Il valore contrassegnato con I corrisponde al dato incerto
;;;Il valore contrassegnato con @ corrisponde al dato mancante
;;;Il valore contrassegnato con V corrisponde al dato validato
;;;Il valore contrassegnato con P corrisponde al dato prevalidato soggetto ad eventuali modifiche
;;;(consultare la sezione Criteri di validazione)

"gg/mm/aaaa";"Precipitazione [mm]";"Tipo Dato"
01/01/2012;0,0;P
02/01/2012;0,6;P
03/01/2012;15,6;P
04/01/2012;0,2;P
05/01/2012;2,2;P
06/01/2012;3,4;P
07/01/2012;0,0;P
08/01/2012;0,0;P
09/01/2012;0,0;P
10/01/2012;0,2;P
11/01/2012;0,0;P
12/01/2012;0,0;P
13/01/2012;0,0;P
14/01/2012;0,0;P
15/01/2012;0,0;P
16/01/2012;0,2;P
17/01/2012;0,0;P
18/01/2012;0,0;P
19/01/2012;0,2;P
20/01/2012;0,4;P
21/01/2012;0,0;P
22/01/2012;0,0;P
23/01/2012;0,0;P
24/01/2012;0,0;P
25/01/2012;0,0;P
26/01/2012;0,0;P
27/01/2012;0,0;P
28/01/2012;0,0;P
29/01/2012;0,0;P
30/01/2012;0,0;P
31/01/2012;0,0;P
01/02/2012;0,0;P
02/02/2012;0,0;P
03/02/2012;0,0;P
04/02/2012;0,0;P
05/02/2012;0,0;P
06/02/2012;0,0;P
07/02/2012;0,0;P
08/02/2012;0,0;P
09/02/2012;0,0;P
10/02/2012;0,0;P
11/02/2012;0,0;P
12/02/2012;0,0;P
13/02/2012;0,0;P
14/02/2012;0,0;P
15/02/2012;0,0;P
16/02/2012;0,0;P
17/02/2012;0,0;P
18/02/2012;0,0;P
19/02/2012;3,8;P
20/02/2012;2,0;P
21/02/2012;2,2;P
22/02/2012;25,6;P
23/02/2012;0,0;P
24/02/2012;0,0;P
25/02/2012;0,0;P
26/02/2012;0,0;P
27/02/2012;2,0;P
28/02/2012;0,0;P
29/02/2012;0,0;P
01/03/2012;0,2;P
02/03/2012;0,0;P
03/03/2012;0,0;P
04/03/2012;0,0;P
05/03/2012;0,0;P
06/03/2012;10,8;P
07/03/2012;0,4;P
08/03/2012;0,2;P
09/03/2012;0,0;P
10/03/2012;0,0;P
11/03/2012;0,0;P
12/03/2012;0,0;P
13/03/2012;0,0;P
14/03/2012;0,0;P
15/03/2012;0,0;P
16/03/2012;0,2;P
17/03/2012;0,0;P
18/03/2012;0,2;P
19/03/2012;13,2;P
20/03/2012;0,4;P
21/03/2012;0,0;P
22/03/2012;0,0;P
23/03/2012;0,0;P
24/03/2012;0,0;P
25/03/2012;0,4;P
26/03/2012;0,0;P
27/03/2012;0,0;P
28/03/2012;0,0;P
29/03/2012;0,0;P
30/03/2012;0,0;P
31/03/2012;0,0;P
01/04/2012;0,0;P
02/04/2012;0,0;P
03/04/2012;0,6;P
04/04/2012;2,0;P
05/04/2012;0,0;P
06/04/2012;0,0;P
07/04/2012;9,2;P
08/04/2012;6,0;P
09/04/2012;6,6;P
10/04/2012;0,2;P
11/04/2012;4,8;P
12/04/2012;16,0;P
13/04/2012;0,4;P
14/04/2012;0,0;P
15/04/2012;13,2;P
16/04/2012;0,4;P
17/04/2012;3,4;P
18/04/2012;0,0;P
19/04/2012;;@
20/04/2012;;@
21/04/2012;;@
22/04/2012;;@
23/04/2012;;@
24/04/2012;;@
25/04/2012;;@
26/04/2012;;@
27/04/2012;;@
28/04/2012;0,0;P
29/04/2012;0,2;P
30/04/2012;0,2;P
01/05/2012;2,2;P
02/05/2012;11,0;P
03/05/2012;0,2;P
04/05/2012;0,0;P
05/05/2012;0,0;P
06/05/2012;0,2;P
07/05/2012;34,0;P
08/05/2012;0,0;P
09/05/2012;0,0;P
10/05/2012;0,0;P
11/05/2012;0,0;P
12/05/2012;0,0;P
13/05/2012;0,0;P
14/05/2012;4,2;P
15/05/2012;0,0;P
16/05/2012;1,6;P
17/05/2012;0,2;P
18/05/2012;0,0;P
19/05/2012;0,2;P
20/05/2012;1,6;P
21/05/2012;45,4;P
22/05/2012;10,4;P
23/05/2012;0,8;P
24/05/2012;0,4;P
25/05/2012;0,8;P
26/05/2012;0,0;P
27/05/2012;0,0;P
28/05/2012;6,0;P
29/05/2012;0,0;P
30/05/2012;0,0;P
31/05/2012;0,2;P
01/06/2012;0,0;P
02/06/2012;0,0;P
03/06/2012;0,0;P
04/06/2012;0,0;P
05/06/2012;11,8;P
06/06/2012;0,2;P
07/06/2012;0,0;P
08/06/2012;0,2;P
09/06/2012;0,2;P
10/06/2012;0,0;P
11/06/2012;7,2;P
12/06/2012;15,4;P
13/06/2012;0,0;P
14/06/2012;0,0;P
15/06/2012;0,0;P
16/06/2012;0,0;P
17/06/2012;0,0;P
18/06/2012;0,2;P
19/06/2012;0,0;P
20/06/2012;0,0;P
21/06/2012;0,0;P
22/06/2012;0,0;P
23/06/2012;0,0;P
24/06/2012;0,0;P
25/06/2012;0,0;P
26/06/2012;0,0;P
27/06/2012;0,0;P
28/06/2012;0,0;P
29/06/2012;0,0;P
30/06/2012;0,0;P
01/07/2012;0,0;P
02/07/2012;0,0;P
03/07/2012;0,0;P
04/07/2012;0,0;P
05/07/2012;0,0;P
06/07/2012;0,0;P
07/07/2012;0,0;P
08/07/2012;0,0;P
09/07/2012;0,0;P
10/07/2012;0,0;P
11/07/2012;0,0;P
12/07/2012;0,0;P
13/07/2012;0,0;P
14/07/2012;0,0;P
15/07/2012;0,0;P
16/07/2012;0,0;P
17/07/2012;0,0;P
18/07/2012;0,0;P
19/07/2012;0,0;P
20/07/2012;0,0;P
21/07/2012;0,0;P
22/07/2012;0,0;P
23/07/2012;0,0;P
24/07/2012;0,0;P
25/07/2012;0,0;P
26/07/2012;0,0;P
27/07/2012;0,0;P
28/07/2012;0,0;P
29/07/2012;0,0;P
30/07/2012;0,0;P
31/07/2012;0,0;P
01/08/2012;0,0;P
02/08/2012;0,0;P
03/08/2012;0,0;P
04/08/2012;0,0;P
05/08/2012;0,0;P
06/08/2012;0,0;P
07/08/2012;0,0;P
08/08/2012;0,0;P
09/08/2012;0,0;P
10/08/2012;0,0;P
11/08/2012;0,0;P
12/08/2012;0,0;P
13/08/2012;0,0;P
14/08/2012;0,0;P
15/08/2012;0,0;P
16/08/2012;0,0;P
17/08/2012;0,0;P
18/08/2012;0,0;P
19/08/2012;0,0;P
20/08/2012;0,0;P
21/08/2012;0,0;P
22/08/2012;0,0;P
23/08/2012;0,0;P
24/08/2012;0,0;P
25/08/2012;0,0;P
26/08/2012;1,4;P
27/08/2012;1,6;P
28/08/2012;0,0;P
29/08/2012;0,0;P
30/08/2012;0,0;P
31/08/2012;5,8;P
01/09/2012;0,8;P
02/09/2012;2,8;P
03/09/2012;15,0;P
04/09/2012;1,0;P
05/09/2012;1,6;P
06/09/2012;0,0;P
07/09/2012;0,0;P
08/09/2012;0,2;P
09/09/2012;0,0;P
10/09/2012;0,0;P
11/09/2012;0,2;P
12/09/2012;0,0;P
13/09/2012;4,2;P
14/09/2012;0,0;P
15/09/2012;0,0;P
16/09/2012;0,0;P
17/09/2012;0,0;P
18/09/2012;0,2;P
19/09/2012;0,0;P
20/09/2012;21,4;P
21/09/2012;0,2;P
22/09/2012;0,0;P
23/09/2012;0,0;P
24/09/2012;0,0;P
25/09/2012;0,0;P
26/09/2012;0,0;P
27/09/2012;2,6;P
28/09/2012;2,6;P
29/09/2012;0,0;P
30/09/2012;0,4;P
01/10/2012;49,2;P
02/10/2012;2,6;P
03/10/2012;0,4;P
04/10/2012;0,0;P
05/10/2012;0,0;P
06/10/2012;0,2;P
07/10/2012;0,2;P
08/10/2012;0,0;P
09/10/2012;2,0;P
10/10/2012;0,6;P
11/10/2012;0,0;P
12/10/2012;8,8;P
13/10/2012;5,6;P
14/10/2012;0,8;P
15/10/2012;0,0;P
16/10/2012;24,6;P
17/10/2012;0,0;P
18/10/2012;0,2;P
19/10/2012;0,4;P
20/10/2012;0,2;P
21/10/2012;0,2;P
22/10/2012;0,0;P
23/10/2012;0,2;P
24/10/2012;0,4;P
25/10/2012;0,2;P
26/10/2012;0,4;P
27/10/2012;15,4;P
28/10/2012;11,2;P
29/10/2012;20,8;P
30/10/2012;0,0;P
31/10/2012;0,2;P
01/11/2012;38,8;P
02/11/2012;1,0;P
03/11/2012;0,0;P
04/11/2012;5,0;P
05/11/2012;14,2;P
06/11/2012;0,0;P
07/11/2012;0,4;P
08/11/2012;0,2;P
09/11/2012;0,2;P
10/11/2012;0,8;P
11/11/2012;9,8;P
12/11/2012;7,8;P
13/11/2012;6,2;P
14/11/2012;0,0;P
15/11/2012;0,0;P
16/11/2012;0,0;P
17/11/2012;0,2;P
18/11/2012;0,0;P
19/11/2012;0,2;P
20/11/2012;6,4;P
21/11/2012;0,0;P
22/11/2012;0,0;P
23/11/2012;0,2;P
24/11/2012;0,0;P
25/11/2012;0,4;P
26/11/2012;1,0;P
27/11/2012;0,0;P
28/11/2012;63,4;P
29/11/2012;18,0;P
30/11/2012;1,2;P
01/12/2012;2,6;P
02/12/2012;8,4;P
03/12/2012;1,2;P
04/12/2012;3,4;P
05/12/2012;27,4;P
06/12/2012;0,2;P
07/12/2012;0,0;P
08/12/2012;7,8;P
09/12/2012;0,6;P
10/12/2012;6,8;P
11/12/2012;0,0;P
12/12/2012;0,2;P
13/12/2012;0,0;P
14/12/2012;0,2;P
15/12/2012;17,0;P
16/12/2012;15,8;P
17/12/2012;1,4;P
18/12/2012;11,2;P
19/12/2012;0,2;P
20/12/2012;0,2;P
21/12/2012;6,8;P
22/12/2012;1,6;P
23/12/2012;0,4;P
24/12/2012;1,6;P
25/12/2012;0,0;P
26/12/2012;0,0;P
27/12/2012;10,4;P
28/12/2012;1,4;P
29/12/2012;0,0;P
30/12/2012;0,2;P
31/12/2012;0,0;P
01/01/2013;0,2;P
02/01/2013;1,8;P
03/01/2013;3,0;P
04/01/2013;0,2;P
05/01/2013;0,2;P
06/01/2013;0,2;P
07/01/2013;0,0;P
08/01/2013;0,2;P
09/01/2013;0,2;P
10/01/2013;0,0;P
11/01/2013;0,0;P
12/01/2013;2,0;P
13/01/2013;4,2;P
14/01/2013;31,2;P
15/01/2013;6,0;P
16/01/2013;8,2;P
17/01/2013;3,0;P
18/01/2013;3,0;P
19/01/2013;0,0;P
20/01/2013;29,0;P
21/01/2013;22,6;P
22/01/2013;7,2;P
23/01/2013;1,8;P
24/01/2013;1,0;P
25/01/2013;0,2;P
26/01/2013;0,0;P
27/01/2013;0,0;P
28/01/2013;4,6;P
29/01/2013;3,4;P
30/01/2013;0,0;P
31/01/2013;0,0;P
01/02/2013;0,0;P
02/02/2013;1,8;P
03/02/2013;16,2;P
04/02/2013;0,0;P
05/02/2013;0,2;P
06/02/2013;3,4;P
07/02/2013;1,2;P
08/02/2013;0,0;P
09/02/2013;0,0;P
10/02/2013;0,0;P
11/02/2013;0,2;P
12/02/2013;18,8;P
13/02/2013;10,2;P
14/02/2013;0,0;P
15/02/2013;0,0;P
16/02/2013;0,0;P
17/02/2013;0,0;P
18/02/2013;0,0;P
19/02/2013;0,0;P
20/02/2013;0,2;P
21/02/2013;3,6;P
22/02/2013;8,8;P
23/02/2013;0,8;P
24/02/2013;1,8;P
25/02/2013;21,0;P
26/02/2013;5,4;P
27/02/2013;0,0;P
28/02/2013;0,2;P
01/03/2013;0,2;P
02/03/2013;0,0;P
03/03/2013;0,0;P
04/03/2013;0,0;P
05/03/2013;0,0;P
06/03/2013;;@
07/03/2013;;@
08/03/2013;;@
09/03/2013;2,0;P
10/03/2013;10,4;P
11/03/2013;7,8;P
12/03/2013;5,0;P
13/03/2013;11,2;P
14/03/2013;9,6;P
15/03/2013;2,8;P
16/03/2013;0,2;P
17/03/2013;0,0;P
18/03/2013;34,2;P
19/03/2013;27,2;P
20/03/2013;0,0;P
21/03/2013;9,0;P
22/03/2013;0,0;P
23/03/2013;0,0;P
24/03/2013;3,6;P
25/03/2013;2,6;P
26/03/2013;1,0;P
27/03/2013;4,2;P
28/03/2013;0,0;P
29/03/2013;8,8;P
30/03/2013;2,2;P
31/03/2013;15,0;P
01/04/2013;0,2;P
02/04/2013;12,8;P
03/04/2013;0,4;P
04/04/2013;0,0;P
05/04/2013;12,0;P
06/04/2013;3,8;P
07/04/2013;0,0;P
08/04/2013;0,0;P
09/04/2013;6,6;P
10/04/2013;1,6;P
11/04/2013;0,0;P
12/04/2013;0,2;P
13/04/2013;0,0;P
14/04/2013;0,0;P
15/04/2013;0,0;P
16/04/2013;0,0;P
17/04/2013;0,0;P
18/04/2013;0,0;P
19/04/2013;0,0;P
20/04/2013;0,0;P
21/04/2013;0,0;P
22/04/2013;0,0;P
23/04/2013;15,0;P
24/04/2013;0,8;P
25/04/2013;0,0;P
26/04/2013;0,0;P
27/04/2013;0,2;P
28/04/2013;4,6;P
29/04/2013;0,2;P
30/04/2013;0,8;P
01/05/2013;0,6;P
02/05/2013;7,8;P
03/05/2013;14,8;P
04/05/2013;0,0;P
05/05/2013;0,0;P
06/05/2013;22,2;P
07/05/2013;0,2;P
08/05/2013;1,6;P
09/05/2013;0,6;P
10/05/2013;0,2;P
11/05/2013;5,0;P
12/05/2013;0,0;P
13/05/2013;22,8;P
14/05/2013;0,2;P
15/05/2013;0,0;P
16/05/2013;24,4;P
17/05/2013;13,4;P
18/05/2013;3,2;P
19/05/2013;2,6;P
20/05/2013;0,6;P
21/05/2013;0,2;P
22/05/2013;0,2;P
23/05/2013;6,4;P
24/05/2013;0,2;P
25/05/2013;8,0;P
26/05/2013;19,0;P
27/05/2013;4,2;P
28/05/2013;0,2;P
29/05/2013;1,2;P
30/05/2013;10,4;P
31/05/2013;11,0;P
01/06/2013;0,2;P
02/06/2013;0,0;P
03/06/2013;0,0;P
04/06/2013;5,8;P
05/06/2013;0,4;P
06/06/2013;17,0;P
07/06/2013;0,8;P
08/06/2013;0,4;P
09/06/2013;0,2;P
10/06/2013;2,6;P
11/06/2013;0,2;P
12/06/2013;0,2;P
13/06/2013;0,0;P
14/06/2013;0,0;P
15/06/2013;0,0;P
16/06/2013;0,0;P
17/06/2013;0,0;P
18/06/2013;0,0;P
19/06/2013;0,0;P
20/06/2013;0,0;P
21/06/2013;0,0;P
22/06/2013;0,0;P
23/06/2013;0,0;P
24/06/2013;0,0;P
25/06/2013;3,4;P
26/06/2013;0,0;P
27/06/2013;0,0;P
28/06/2013;18,8;P
29/06/2013;0,0;P
30/06/2013;0,0;P
01/07/2013;0,0;P
02/07/2013;0,0;P
03/07/2013;0,0;P
04/07/2013;0,4;P
05/07/2013;0,6;P
06/07/2013;0,0;P
07/07/2013;0,0;P
08/07/2013;0,0;P
09/07/2013;0,0;P
10/07/2013;0,0;P
11/07/2013;0,0;P
12/07/2013;28,8;P
13/07/2013;0,0;P
14/07/2013;4,0;P
15/07/2013;0,2;P
16/07/2013;0,0;P
17/07/2013;0,2;P
18/07/2013;0,0;P
19/07/2013;0,0;P
20/07/2013;0,2;P
21/07/2013;2,0;P
22/07/2013;0,2;P
23/07/2013;0,0;P
24/07/2013;0,0;P
25/07/2013;0,0;P
26/07/2013;0,2;P
27/07/2013;0,0;P
28/07/2013;0,0;P
29/07/2013;0,0;P
30/07/2013;12,4;P
31/07/2013;0,0;P
01/08/2013;0,0;P
02/08/2013;0,0;P
03/08/2013;0,0;P
04/08/2013;0,0;P
05/08/2013;0,0;P
06/08/2013;0,0;P
07/08/2013;0,0;P
08/08/2013;0,0;P
09/08/2013;0,0;P
10/08/2013;3,0;P
11/08/2013;0,0;P
12/08/2013;0,0;P
13/08/2013;0,0;P
14/08/2013;0,0;P
15/08/2013;0,0;P
16/08/2013;0,0;P
17/08/2013;0,0;P
18/08/2013;0,0;P
19/08/2013;0,0;P
20/08/2013;23,2;P
21/08/2013;0,0;P
22/08/2013;0,0;P
23/08/2013;0,0;P
24/08/2013;0,0;P
25/08/2013;41,6;P
26/08/2013;0,0;P
27/08/2013;0,0;P
28/08/2013;0,8;P
29/08/2013;0,0;P
30/08/2013;0,2;P
31/08/2013;0,0;P
01/09/2013;0,0;P
02/09/2013;0,0;P
03/09/2013;0,2;P
04/09/2013;0,0;P
05/09/2013;0,0;P
06/09/2013;0,2;P
07/09/2013;0,0;P
08/09/2013;0,0;P
09/09/2013;9,0;P
10/09/2013;0,0;P
11/09/2013;3,2;P
12/09/2013;6,6;P
13/09/2013;0,2;P
14/09/2013;0,0;P
15/09/2013;2,4;P
16/09/2013;22,2;P
17/09/2013;1,6;P
18/09/2013;0,2;P
19/09/2013;0,2;P
20/09/2013;0,2;P
21/09/2013;0,2;P
22/09/2013;0,2;P
23/09/2013;0,0;P
24/09/2013;0,2;P
25/09/2013;0,2;P
26/09/2013;0,0;P
27/09/2013;0,0;P
28/09/2013;0,0;P
29/09/2013;25,4;P
30/09/2013;33,4;P
01/10/2013;4,4;P
02/10/2013;0,0;P
03/10/2013;0,0;P
04/10/2013;0,0;P
05/10/2013;11,4;P
06/10/2013;44,8;P
07/10/2013;0,8;P
08/10/2013;8,2;P
09/10/2013;1,4;P
10/10/2013;2,4;P
11/10/2013;8,4;P
12/10/2013;0,0;P
13/10/2013;0,0;P
14/10/2013;0,0;P
15/10/2013;0,0;P
16/10/2013;0,0;P
17/10/2013;0,0;P
18/10/2013;0,0;P
19/10/2013;0,0;P
20/10/2013;0,0;P
21/10/2013;0,0;P
22/10/2013;0,0;P
23/10/2013;0,2;P
24/10/2013;0,0;P
25/10/2013;0,0;P
26/10/2013;0,0;P
27/10/2013;0,0;P
28/10/2013;0,0;P
29/10/2013;0,0;P
30/10/2013;0,0;P
31/10/2013;0,2;P
01/11/2013;0,2;P
02/11/2013;0,0;P
03/11/2013;2,6;P
04/11/2013;0,0;P
05/11/2013;28,0;P
06/11/2013;0,2;P
07/11/2013;0,0;P
08/11/2013;0,0;P
09/11/2013;0,4;P
10/11/2013;2,2;P
11/11/2013;32,4;P
12/11/2013;20,8;P
13/11/2013;0,0;P
14/11/2013;0,0;P
15/11/2013;14,2;P
16/11/2013;0,0;P
17/11/2013;0,0;P
18/11/2013;0,0;P
19/11/2013;2,0;P
20/11/2013;10,4;P
21/11/2013;8,2;P
22/11/2013;25,2;P
23/11/2013;3,0;P
24/11/2013;1,0;P
25/11/2013;0,2;P
26/11/2013;0,4;P
27/11/2013;0,0;P
28/11/2013;0,0;P
29/11/2013;0,0;P
30/11/2013;0,0;P
01/12/2013;0,0;P
02/12/2013;0,0;P
03/12/2013;0,0;P
04/12/2013;0,0;P
05/12/2013;0,0;P
06/12/2013;0,2;P
07/12/2013;0,2;P
08/12/2013;0,2;P
09/12/2013;0,2;P
10/12/2013;0,2;P
11/12/2013;0,2;P
12/12/2013;0,2;P
13/12/2013;0,4;P
14/12/2013;0,2;P
15/12/2013;0,0;P
16/12/2013;0,0;P
17/12/2013;0,0;P
18/12/2013;0,2;P
19/12/2013;0,0;P
20/12/2013;1,2;P
21/12/2013;0,8;P
22/12/2013;0,2;P
23/12/2013;1,2;P
24/12/2013;0,0;P
25/12/2013;0,0;P
26/12/2013;31,2;P
27/12/2013;4,2;P
28/12/2013;0,2;P
29/12/2013;7,2;P
30/12/2013;0,6;P
31/12/2013;0,0;P
01/01/2014;0,0;P
02/01/2014;0,0;P
03/01/2014;18,2;P
04/01/2014;12,2;P
05/01/2014;27,8;P
06/01/2014;1,8;P
07/01/2014;0,2;P
08/01/2014;0,2;P
09/01/2014;0,0;P
10/01/2014;0,4;P
11/01/2014;1,4;P
12/01/2014;0,2;P
13/01/2014;0,4;P
14/01/2014;7,8;P
15/01/2014;12,0;P
16/01/2014;0,0;P
17/01/2014;1,0;P
18/01/2014;62,2;P
19/01/2014;13,8;P
20/01/2014;8,2;P
21/01/2014;0,4;P
22/01/2014;0,0;P
23/01/2014;0,2;P
24/01/2014;19,2;P
25/01/2014;4,4;P
26/01/2014;0,0;P
27/01/2014;0,0;P
28/01/2014;1,8;P
29/01/2014;0,0;P
30/01/2014;24,0;P
31/01/2014;58,6;P
01/02/2014;14,2;P
02/02/2014;2,4;P
03/02/2014;7,8;P
04/02/2014;4,4;P
05/02/2014;11,0;P
06/02/2014;13,2;P
07/02/2014;0,2;P
08/02/2014;22,6;P
09/02/2014;8,2;P
10/02/2014;5,0;P
11/02/2014;57,4;P
12/02/2014;0,2;P
13/02/2014;0,2;P
14/02/2014;6,0;P
15/02/2014;0,0;P
16/02/2014;0,0;P
17/02/2014;1,6;P
18/02/2014;0,2;P
19/02/2014;0,0;P
20/02/2014;21,6;P
21/02/2014;6,2;P
22/02/2014;7,6;P
23/02/2014;7,0;P
24/02/2014;0,2;P
25/02/2014;0,0;P
26/02/2014;0,0;P
27/02/2014;18,0;P
28/02/2014;3,6;P
01/03/2014;7,4;P
02/03/2014;1,2;P
03/03/2014;0,0;P
04/03/2014;1,4;P
05/03/2014;16,4;P
06/03/2014;0,0;P
07/03/2014;0,0;P
08/03/2014;0,0;P
09/03/2014;0,0;P
10/03/2014;0,0;P
11/03/2014;0,0;P
12/03/2014;0,0;P
13/03/2014;0,0;P
14/03/2014;0,0;P
15/03/2014;0,0;P
16/03/2014;0,0;P
17/03/2014;0,2;P
18/03/2014;0,0;P
19/03/2014;0,0;P
20/03/2014;0,2;P
21/03/2014;0,2;P
22/03/2014;0,2;P
23/03/2014;20,0;P
24/03/2014;20,0;P
25/03/2014;0,2;P
26/03/2014;0,0;P
27/03/2014;0,0;P
28/03/2014;9,6;P
29/03/2014;0,0;P
30/03/2014;0,0;P
31/03/2014;0,0;P
01/04/2014;0,0;P
02/04/2014;0,0;P
03/04/2014;0,2;P
04/04/2014;0,0;P
05/04/2014;22,6;P
06/04/2014;0,0;P
07/04/2014;0,2;P
08/04/2014;0,0;P
09/04/2014;4,6;P
10/04/2014;0,0;P
11/04/2014;0,0;P
12/04/2014;0,0;P
13/04/2014;0,0;P
14/04/2014;1,0;P
15/04/2014;0,0;P
16/04/2014;1,6;P
17/04/2014;0,0;P
18/04/2014;0,0;P
19/04/2014;1,0;P
20/04/2014;3,8;P
21/04/2014;0,0;P
22/04/2014;0,0;P
23/04/2014;0,6;P
24/04/2014;0,2;P
25/04/2014;0,2;P
26/04/2014;0,0;P
27/04/2014;0,4;P
28/04/2014;1,8;P
29/04/2014;9,4;P
30/04/2014;0,2;P
01/05/2014;5,2;P
02/05/2014;0,0;P
03/05/2014;19,2;P
04/05/2014;8,0;P
05/05/2014;0,2;P
06/05/2014;0,0;P
07/05/2014;0,0;P
08/05/2014;9,0;P
09/05/2014;0,2;P
10/05/2014;0,0;P
11/05/2014;0,0;P
12/05/2014;0,0;P
13/05/2014;0,2;P
14/05/2014;0,8;P
15/05/2014;0,0;P
16/05/2014;0,0;P
17/05/2014;0,0;P
18/05/2014;0,0;P
19/05/2014;0,0;P
20/05/2014;0,0;P
21/05/2014;0,2;P
22/05/2014;0,0;P
23/05/2014;0,0;P
24/05/2014;1,0;P
25/05/2014;0,2;P
26/05/2014;0,0;P
27/05/2014;1,4;P
28/05/2014;1,6;P
29/05/2014;0,2;P
30/05/2014;0,0;P
31/05/2014;1,4;P
01/06/2014;0,0;P
02/06/2014;0,0;P
03/06/2014;0,0;P
04/06/2014;0,2;P
05/06/2014;0,0;P
06/06/2014;0,0;P
07/06/2014;0,0;P
08/06/2014;0,0;P
09/06/2014;0,0;P
10/06/2014;0,0;P
11/06/2014;0,0;P
12/06/2014;0,0;P
13/06/2014;0,0;P
14/06/2014;0,0;P
15/06/2014;2,6;P
16/06/2014;9,2;P
17/06/2014;1,0;P
18/06/2014;0,0;P
19/06/2014;0,0;P
20/06/2014;0,0;P
21/06/2014;0,2;P
22/06/2014;0,0;P
23/06/2014;0,0;P
24/06/2014;0,0;P
25/06/2014;5,6;P
26/06/2014;11,8;P
27/06/2014;4,0;P
28/06/2014;0,0;P
29/06/2014;0,2;P
30/06/2014;17,2;P
01/07/2014;0,2;P
02/07/2014;0,0;P
03/07/2014;0,0;P
04/07/2014;0,0;P
05/07/2014;0,0;P
06/07/2014;0,0;P
07/07/2014;0,0;P
08/07/2014;3,0;P
09/07/2014;8,8;P
10/07/2014;8,6;P
11/07/2014;0,0;P
12/07/2014;1,4;P
13/07/2014;6,8;P
14/07/2014;0,2;P
15/07/2014;0,2;P
16/07/2014;0,0;P
17/07/2014;0,0;P
18/07/2014;0,0;P
19/07/2014;0,2;P
20/07/2014;0,0;P
21/07/2014;13,0;P
22/07/2014;21,8;P
23/07/2014;0,0;P
24/07/2014;0,0;P
25/07/2014;13,4;P
26/07/2014;0,2;P
27/07/2014;6,4;P
28/07/2014;0,2;P
29/07/2014;0,0;P
30/07/2014;25,4;P
31/07/2014;1,0;P
01/08/2014;0,0;P
02/08/2014;0,0;P
03/08/2014;0,0;P
04/08/2014;4,2;P
05/08/2014;4,0;P
06/08/2014;0,2;P
07/08/2014;0,0;P
08/08/2014;0,2;P
09/08/2014;0,0;P
10/08/2014;0,0;P
11/08/2014;0,2;P
12/08/2014;0,0;P
13/08/2014;0,0;P
14/08/2014;15,8;P
15/08/2014;0,0;P
16/08/2014;0,0;P
17/08/2014;1,0;P
18/08/2014;0,0;P
19/08/2014;0,0;P
20/08/2014;0,2;P
21/08/2014;0,0;P
22/08/2014;0,0;P
23/08/2014;0,2;P
24/08/2014;0,8;P
25/08/2014;0,2;P
26/08/2014;0,0;P
27/08/2014;0,2;P
28/08/2014;0,2;P
29/08/2014;0,0;P
30/08/2014;0,0;P
31/08/2014;0,2;P
01/09/2014;20,2;P
02/09/2014;0,2;P
03/09/2014;0,0;P
04/09/2014;3,0;P
05/09/2014;0,4;P
06/09/2014;0,0;P
07/09/2014;0,0;P
08/09/2014;2,8;P
09/09/2014;0,0;P
10/09/2014;13,6;P
11/09/2014;11,2;P
12/09/2014;12,0;P
13/09/2014;0,2;P
14/09/2014;0,2;P
15/09/2014;0,2;P
16/09/2014;0,0;P
17/09/2014;1,4;P
18/09/2014;0,0;P
19/09/2014;0,4;P
20/09/2014;75,4;P
21/09/2014;0,2;P
22/09/2014;0,0;P
23/09/2014;0,6;P
24/09/2014;0,0;P
25/09/2014;0,8;P
26/09/2014;0,4;P
27/09/2014;0,2;P
28/09/2014;0,0;P
29/09/2014;0,4;P
30/09/2014;0,0;P
01/10/2014;1,2;P
02/10/2014;2,8;P
03/10/2014;0,0;P
04/10/2014;0,0;P
05/10/2014;0,2;P
06/10/2014;0,0;P
07/10/2014;0,2;P
08/10/2014;0,0;P
09/10/2014;0,0;P
10/10/2014;0,0;P
11/10/2014;0,0;P
12/10/2014;0,0;P
13/10/2014;0,0;P
14/10/2014;0,0;P
15/10/2014;0,0;P
16/10/2014;0,0;P
17/10/2014;0,0;P
18/10/2014;0,0;P
19/10/2014;0,0;P
20/10/2014;0,0;P
21/10/2014;0,0;P
22/10/2014;0,0;P
23/10/2014;0,0;P
24/10/2014;0,0;P
25/10/2014;0,0;P
26/10/2014;0,0;P
27/10/2014;0,0;P
28/10/2014;0,0;P
29/10/2014;0,0;P
30/10/2014;0,0;P
31/10/2014;0,0;P
01/11/2014;0,0;P
02/11/2014;0,0;P
03/11/2014;0,0;P
04/11/2014;0,0;P
05/11/2014;0,0;P
06/11/2014;0,0;P
07/11/2014;0,0;P
08/11/2014;0,0;P
09/11/2014;0,0;P
10/11/2014;0,0;P
11/11/2014;0,0;P
12/11/2014;0,0;P
13/11/2014;3,2;P
14/11/2014;0,0;P
15/11/2014;0,2;P
16/11/2014;15,2;P
17/11/2014;4,0;P
18/11/2014;45,8;P
19/11/2014;38,6;P
20/11/2014;0,6;P
21/11/2014;0,2;P
22/11/2014;1,4;P
23/11/2014;1,4;P
24/11/2014;0,4;P
25/11/2014;0,4;P
26/11/2014;15,0;P
27/11/2014;17,6;P
28/11/2014;2,8;P
29/11/2014;0,4;P
30/11/2014;1,8;P
01/12/2014;2,0;P
02/12/2014;0,2;P
03/12/2014;1,6;P
04/12/2014;8,2;P
05/12/2014;12,4;P
06/12/2014;0,8;P
07/12/2014;3,6;P
08/12/2014;0,0;P
09/12/2014;0,2;P
10/12/2014;0,0;P
11/12/2014;0,0;P
12/12/2014;0,0;P
13/12/2014;0,6;P
14/12/2014;3,0;P
15/12/2014;0,2;P
16/12/2014;6,0;P
17/12/2014;0,6;P
18/12/2014;0,0;P
19/12/2014;0,2;P
20/12/2014;0,0;P
21/12/2014;0,2;P
22/12/2014;0,0;P
23/12/2014;0,2;P
24/12/2014;0,0;P
25/12/2014;0,0;P
26/12/2014;0,0;P
27/12/2014;0,0;P
28/12/2014;21,2;P
29/12/2014;1,2;P
30/12/2014;0,0;P
31/12/2014;0,0;P
01/01/2015;0,0;P
02/01/2015;0,0;P
03/01/2015;0,0;P
04/01/2015;0,0;P
05/01/2015;0,0;P
06/01/2015;0,0;P
07/01/2015;0,0;P
08/01/2015;0,0;P
09/01/2015;0,0;P
10/01/2015;0,0;P
11/01/2015;0,2;P
12/01/2015;0,8;P
13/01/2015;0,0;P
14/01/2015;0,0;P
15/01/2015;0,2;P
16/01/2015;0,0;P
17/01/2015;4,4;P
18/01/2015;0,8;P
19/01/2015;0,0;P
20/01/2015;0,2;P
21/01/2015;1,2;P
22/01/2015;7,4;P
23/01/2015;1,2;P
24/01/2015;0,4;P
25/01/2015;0,2;P
26/01/2015;0,8;P
27/01/2015;0,0;P
28/01/2015;0,0;P
29/01/2015;0,0;P
30/01/2015;22,2;P
31/01/2015;5,4;P
01/02/2015;1,4;P
02/02/2015;0,0;P
03/02/2015;1,4;P
04/02/2015;0,4;P
05/02/2015;8,0;P
06/02/2015;11,6;P
07/02/2015;8,8;P
08/02/2015;0,0;P
09/02/2015;0,4;P
10/02/2015;0,2;P
11/02/2015;0,0;P
12/02/2015;0,2;P
13/02/2015;0,0;P
14/02/2015;0,0;P
15/02/2015;1,6;P
16/02/2015;2,6;P
17/02/2015;0,0;P
18/02/2015;0,0;P
19/02/2015;0,0;P
20/02/2015;0,0;P
21/02/2015;0,0;P
22/02/2015;17,6;P
23/02/2015;0,2;P
24/02/2015;1,0;P
25/02/2015;5,6;P
26/02/2015;0,0;P
27/02/2015;0,0;P
28/02/2015;0,2;P
01/03/2015;0,0;P
02/03/2015;7,4;P
03/03/2015;3,6;P
04/03/2015;0,0;P
05/03/2015;24,4;P
06/03/2015;0,0;P
07/03/2015;0,0;P
08/03/2015;0,0;P
09/03/2015;0,0;P
10/03/2015;0,0;P
11/03/2015;0,0;P
12/03/2015;0,0;P
13/03/2015;0,0;P
14/03/2015;0,0;P
15/03/2015;0,0;P
16/03/2015;5,6;P
17/03/2015;20,6;P
18/03/2015;0,0;P
19/03/2015;0,0;P
20/03/2015;0,0;P
21/03/2015;0,0;P
22/03/2015;0,0;P
23/03/2015;0,2;P
24/03/2015;0,6;P
25/03/2015;0,4;P
26/03/2015;34,0;P
27/03/2015;5,0;P
28/03/2015;1,8;P
29/03/2015;0,0;P
30/03/2015;0,0;P
31/03/2015;0,0;P
01/04/2015;0,0;P
02/04/2015;0,0;P
03/04/2015;0,0;P
04/04/2015;1,2;P
05/04/2015;25,0;P
06/04/2015;1,0;P
07/04/2015;0,0;P
08/04/2015;0,0;P
09/04/2015;0,0;P
10/04/2015;0,0;P
11/04/2015;0,0;P
12/04/2015;0,0;P
13/04/2015;0,0;P
14/04/2015;0,0;P
15/04/2015;0,2;P
16/04/2015;0,0;P
17/04/2015;0,0;P
18/04/2015;0,0;P
19/04/2015;0,2;P
20/04/2015;0,0;P
21/04/2015;0,0;P
22/04/2015;0,0;P
23/04/2015;0,0;P
24/04/2015;2,0;P
25/04/2015;0,2;P
26/04/2015;0,0;P
27/04/2015;10,4;P
28/04/2015;15,4;P
29/04/2015;17,4;P
30/04/2015;14,8;P
01/05/2015;0,0;P
02/05/2015;1,6;P
03/05/2015;0,0;P
04/05/2015;0,0;P
05/05/2015;0,0;P
06/05/2015;0,0;P
07/05/2015;0,2;P
08/05/2015;0,0;P
09/05/2015;0,0;P
10/05/2015;0,2;P
11/05/2015;0,0;P
12/05/2015;0,0;P
13/05/2015;0,0;P
14/05/2015;0,0;P
15/05/2015;0,2;P
16/05/2015;1,8;P
17/05/2015;4,0;P
18/05/2015;0,0;P
19/05/2015;0,0;P
20/05/2015;0,0;P
21/05/2015;20,4;P
22/05/2015;18,4;P
23/05/2015;5,4;P
24/05/2015;5,8;P
25/05/2015;0,2;P
26/05/2015;0,0;P
27/05/2015;3,2;P
28/05/2015;0,0;P
29/05/2015;0,2;P
30/05/2015;0,0;P
31/05/2015;0,0;P
01/06/2015;0,0;P
02/06/2015;0,0;P
03/06/2015;0,2;P
04/06/2015;0,0;P
05/06/2015;0,0;P
06/06/2015;0,0;P
07/06/2015;0,0;P
08/06/2015;0,0;P
09/06/2015;0,0;P
10/06/2015;0,0;P
11/06/2015;0,0;P
12/06/2015;0,2;P
13/06/2015;0,0;P
14/06/2015;0,0;P
15/06/2015;2,2;P
16/06/2015;0,2;P
17/06/2015;14,2;P
18/06/2015;3,2;P
19/06/2015;0,0;P
20/06/2015;0,4;P
21/06/2015;0,0;P
22/06/2015;0,0;P
23/06/2015;0,0;P
24/06/2015;7,6;P
25/06/2015;0,0;P
26/06/2015;0,2;P
27/06/2015;0,0;P
28/06/2015;4,4;P
29/06/2015;0,0;P
30/06/2015;0,0;P
01/07/2015;0,0;P
02/07/2015;0,0;P
03/07/2015;0,0;P
04/07/2015;0,0;P
05/07/2015;0,0;P
06/07/2015;0,0;P
07/07/2015;0,0;P
08/07/2015;0,0;P
09/07/2015;0,0;P
10/07/2015;0,0;P
11/07/2015;0,0;P
12/07/2015;0,0;P
13/07/2015;0,0;P
14/07/2015;0,0;P
15/07/2015;0,0;P
16/07/2015;0,0;P
17/07/2015;0,0;P
18/07/2015;0,0;P
19/07/2015;0,0;P
20/07/2015;0,0;P
21/07/2015;0,0;P
22/07/2015;0,0;P
23/07/2015;4,6;P
24/07/2015;0,0;P
25/07/2015;11,8;P
26/07/2015;2,8;P
27/07/2015;0,0;P
28/07/2015;0,0;P
29/07/2015;0,0;P
30/07/2015;0,0;P
31/07/2015;0,0;P
01/08/2015;0,0;P
02/08/2015;10,8;P
03/08/2015;0,0;P
04/08/2015;0,2;P
05/08/2015;0,0;P
06/08/2015;0,0;P
07/08/2015;0,0;P
08/08/2015;0,0;P
09/08/2015;0,0;P
10/08/2015;5,6;P
11/08/2015;32,8;P
12/08/2015;0,2;P
13/08/2015;0,0;P
14/08/2015;0,0;P
15/08/2015;0,0;P
16/08/2015;14,2;P
17/08/2015;0,0;P
18/08/2015;0,0;P
19/08/2015;5,0;P
20/08/2015;21,2;P
21/08/2015;0,0;P
22/08/2015;0,0;P
23/08/2015;0,0;P
24/08/2015;21,4;P
25/08/2015;0,8;P
26/08/2015;0,2;P
27/08/2015;0,0;P
28/08/2015;0,2;P
29/08/2015;0,0;P
30/08/2015;0,0;P
31/08/2015;0,2;P
01/09/2015;0,0;P
02/09/2015;0,0;P
03/09/2015;0,0;P
04/09/2015;0,0;P
05/09/2015;0,0;P
06/09/2015;0,0;P
07/09/2015;0,0;P
08/09/2015;0,0;P
09/09/2015;0,0;P
10/09/2015;0,0;P
11/09/2015;0,0;P
12/09/2015;0,0;P
13/09/2015;0,0;P
14/09/2015;4,2;P
15/09/2015;0,2;P
16/09/2015;0,4;P
17/09/2015;0,0;P
18/09/2015;0,0;P
19/09/2015;0,0;P
20/09/2015;0,0;P
21/09/2015;0,0;P
22/09/2015;0,0;P
23/09/2015;0,0;P
24/09/2015;0,0;P
25/09/2015;0,0;P
26/09/2015;0,0;P
27/09/2015;0,0;P
28/09/2015;0,0;P
29/09/2015;0,0;P
30/09/2015;0,0;P
01/10/2015;0,0;P
02/10/2015;0,0;P
03/10/2015;0,0;P
04/10/2015;0,0;P
05/10/2015;0,0;P
06/10/2015;0,0;P
07/10/2015;0,0;P
08/10/2015;0,0;P
09/10/2015;0,0;P
10/10/2015;0,0;P
11/10/2015;0,0;P
12/10/2015;0,0;P
13/10/2015;0,0;P
14/10/2015;0,2;P
15/10/2015;0,0;P
16/10/2015;0,0;P
17/10/2015;0,0;P
18/10/2015;0,0;P
19/10/2015;0,0;P
20/10/2015;0,0;P
21/10/2015;0,0;P
22/10/2015;0,0;P
23/10/2015;0,0;P
24/10/2015;0,0;P
25/10/2015;0,0;P
26/10/2015;0,0;P
27/10/2015;0,0;P
28/10/2015;0,0;P
29/10/2015;0,0;P
30/10/2015;0,0;P
31/10/2015;0,0;P
01/11/2015;0,0;P
02/11/2015;0,0;P
03/11/2015;0,0;P
04/11/2015;0,0;P
05/11/2015;0,0;P
06/11/2015;0,0;P
07/11/2015;0,0;P
08/11/2015;0,0;P
09/11/2015;0,0;P
10/11/2015;0,0;P
11/11/2015;0,0;P
12/11/2015;0,0;P
13/11/2015;0,0;P
14/11/2015;0,0;P
15/11/2015;0,0;P
16/11/2015;0,0;P
17/11/2015;0,0;P
18/11/2015;0,0;P
19/11/2015;0,0;P
20/11/2015;0,0;P
21/11/2015;0,0;P
22/11/2015;0,0;P
23/11/2015;0,0;P
24/11/2015;0,0;P
25/11/2015;0,0;P
26/11/2015;0,0;P
27/11/2015;0,0;P
28/11/2015;0,0;P
29/11/2015;0,0;P
30/11/2015;0,0;P
01/12/2015;0,0;P
02/12/2015;0,0;P
03/12/2015;0,0;P
04/12/2015;0,0;P
05/12/2015;0,0;P
06/12/2015;0,0;P
07/12/2015;0,0;P
08/12/2015;0,0;P
09/12/2015;0,0;P
10/12/2015;0,0;P
11/12/2015;0,0;P
12/12/2015;0,0;P
13/12/2015;0,0;P
14/12/2015;0,0;P
15/12/2015;0,0;P
16/12/2015;0,0;P
17/12/2015;0,0;P
18/12/2015;0,0;P
19/12/2015;0,0;P
20/12/2015;0,0;P
21/12/2015;0,0;P
22/12/2015;0,0;P
23/12/2015;0,0;P
24/12/2015;0,0;P
25/12/2015;0,0;P
26/12/2015;0,0;P
27/12/2015;0,0;P
28/12/2015;0,0;P
29/12/2015;0,0;P
30/12/2015;0,0;P
31/12/2015;0,0;P
01/01/2016;0,0;P
02/01/2016;0,0;P
03/01/2016;0,0;P
04/01/2016;0,0;P
05/01/2016;0,0;P
06/01/2016;0,0;P
07/01/2016;0,0;P
08/01/2016;0,0;P
09/01/2016;0,0;P
10/01/2016;0,0;P
11/01/2016;0,0;P
12/01/2016;0,0;P
13/01/2016;0,0;P
14/01/2016;0,0;P
15/01/2016;0,0;P
16/01/2016;0,0;P
17/01/2016;0,0;P
18/01/2016;0,0;P
19/01/2016;0,0;P
20/01/2016;0,0;P
21/01/2016;0,0;P
22/01/2016;0,0;P
23/01/2016;0,0;P
24/01/2016;0,0;P
25/01/2016;0,0;P
26/01/2016;0,0;P
27/01/2016;0,0;P
28/01/2016;0,0;P
29/01/2016;0,0;P
30/01/2016;0,0;P
31/01/2016;0,0;P
01/02/2016;0,0;P
02/02/2016;0,0;P
03/02/2016;0,0;P
04/02/2016;0,0;P
05/02/2016;0,0;P
06/02/2016;0,0;P
07/02/2016;0,0;P
08/02/2016;0,0;P
09/02/2016;0,0;P
10/02/2016;0,0;P
11/02/2016;0,0;P
12/02/2016;0,0;P
13/02/2016;0,0;P
14/02/2016;0,0;P
15/02/2016;0,0;P
16/02/2016;0,0;P
17/02/2016;0,0;P
18/02/2016;0,0;P
19/02/2016;0,0;P
20/02/2016;0,0;P
21/02/2016;0,0;P
22/02/2016;0,0;P
23/02/2016;0,0;P
24/02/2016;0,0;P
25/02/2016;0,0;P
26/02/2016;0,0;P
27/02/2016;0,0;P
28/02/2016;0,0;P
29/02/2016;0,0;P
01/03/2016;0,0;P
02/03/2016;0,0;P
03/03/2016;0,0;P
04/03/2016;0,0;P
05/03/2016;0,0;P
06/03/2016;0,0;P
07/03/2016;0,0;P
08/03/2016;0,0;P
09/03/2016;0,0;P
10/03/2016;0,0;P
11/03/2016;0,0;P
12/03/2016;0,0;P
13/03/2016;0,0;P
14/03/2016;0,0;P
15/03/2016;0,0;P
16/03/2016;0,0;P
17/03/2016;0,0;P
18/03/2016;0,0;P
19/03/2016;0,0;P
20/03/2016;0,0;P
21/03/2016;0,0;P
22/03/2016;0,0;P
23/03/2016;0,0;P
24/03/2016;0,0;P
25/03/2016;0,0;P
26/03/2016;0,0;P
27/03/2016;0,0;P
28/03/2016;0,0;P
29/03/2016;0,0;P
30/03/2016;0,0;P
31/03/2016;0,0;P
01/04/2016;0,0;P
02/04/2016;0,0;P
03/04/2016;0,0;P
04/04/2016;0,0;P
05/04/2016;0,0;P
06/04/2016;0,0;P
07/04/2016;0,0;P
08/04/2016;0,0;P
09/04/2016;0,0;P
10/04/2016;0,0;P
11/04/2016;0,0;P
12/04/2016;0,0;P
13/04/2016;0,0;P
14/04/2016;0,0;P
15/04/2016;0,0;P
16/04/2016;0,0;P
17/04/2016;0,0;P
18/04/2016;0,0;P
19/04/2016;0,0;P
20/04/2016;0,0;P
21/04/2016;0,0;P
22/04/2016;0,0;P
23/04/2016;0,0;P
24/04/2016;0,0;P
25/04/2016;0,0;P
26/04/2016;0,0;P
27/04/2016;0,0;P
28/04/2016;0,0;P
29/04/2016;0,0;P
30/04/2016;0,0;P
01/05/2016;0,0;P
02/05/2016;0,0;P
03/05/2016;0,0;P
04/05/2016;0,0;P
05/05/2016;0,0;P
06/05/2016;0,0;P
07/05/2016;0,0;P
08/05/2016;0,0;P
09/05/2016;0,0;P
10/05/2016;0,0;P
11/05/2016;0,0;P
12/05/2016;0,0;P
13/05/2016;0,0;P
14/05/2016;0,0;P
15/05/2016;0,0;P
16/05/2016;0,0;P
17/05/2016;0,0;P
18/05/2016;0,0;P
19/05/2016;0,0;P
20/05/2016;0,0;P
21/05/2016;0,2;P
22/05/2016;0,0;P
23/05/2016;0,0;P
24/05/2016;21,8;P
25/05/2016;0,0;P
26/05/2016;0,0;P
27/05/2016;0,0;P
28/05/2016;0,0;P
29/05/2016;0,2;P
30/05/2016;12,0;P
31/05/2016;0,0;P
01/06/2016;0,0;P
02/06/2016;1,8;P
03/06/2016;1,6;P
04/06/2016;0,0;P
05/06/2016;1,0;P
06/06/2016;0,2;P
07/06/2016;1,2;P
08/06/2016;0,2;P
09/06/2016;6,4;P
10/06/2016;3,6;P
11/06/2016;0,0;P
12/06/2016;5,2;P
13/06/2016;4,2;P
14/06/2016;0,2;P
15/06/2016;8,2;P
16/06/2016;0,2;P
17/06/2016;7,0;P
18/06/2016;0,0;P
19/06/2016;0,2;P
20/06/2016;0,0;P
21/06/2016;0,0;P
22/06/2016;0,0;P
23/06/2016;0,0;P
24/06/2016;0,0;P
25/06/2016;0,0;P
26/06/2016;0,0;P
27/06/2016;0,0;P
28/06/2016;0,0;P
29/06/2016;0,0;P
30/06/2016;0,0;P
01/07/2016;0,0;P
02/07/2016;0,0;P
03/07/2016;0,0;P
04/07/2016;0,0;P
05/07/2016;0,0;P
06/07/2016;0,0;P
07/07/2016;0,0;P
08/07/2016;0,2;P
09/07/2016;0,0;P
10/07/2016;0,0;P
11/07/2016;0,0;P
12/07/2016;0,0;P
13/07/2016;0,0;P
14/07/2016;0,0;P
15/07/2016;7,4;P
16/07/2016;0,4;P
17/07/2016;0,0;P
18/07/2016;0,0;P
19/07/2016;0,0;P
20/07/2016;0,0;P
21/07/2016;0,0;P
22/07/2016;0,0;P
23/07/2016;0,0;P
24/07/2016;1,8;P
25/07/2016;;@
26/07/2016;3,0;P
27/07/2016;;@
28/07/2016;0,8;P
29/07/2016;;@
30/07/2016;;@
31/07/2016;0,0;P
01/08/2016;0,0;P
02/08/2016;0,0;P
03/08/2016;0,0;P
04/08/2016;0,0;P
05/08/2016;0,2;P
06/08/2016;10,0;P
07/08/2016;0,2;P
08/08/2016;0,0;P
09/08/2016;0,0;P
10/08/2016;0,0;P
11/08/2016;0,0;P
12/08/2016;0,0;P
13/08/2016;0,0;P
14/08/2016;0,0;P
15/08/2016;0,0;P
16/08/2016;0,0;P
17/08/2016;0,0;P
18/08/2016;0,0;P
19/08/2016;0,2;P
20/08/2016;0,0;P
21/08/2016;0,0;P
22/08/2016;0,0;P
23/08/2016;0,0;P
24/08/2016;0,0;P
25/08/2016;0,0;P
26/08/2016;0,0;P
27/08/2016;0,0;P
28/08/2016;0,0;P
29/08/2016;0,0;P
30/08/2016;0,0;P
31/08/2016;1,0;P
01/09/2016;0,0;P
02/09/2016;0,0;P
03/09/2016;0,0;P
04/09/2016;0,0;P
05/09/2016;0,0;P
06/09/2016;0,0;P
07/09/2016;2,2;P
08/09/2016;0,0;P
09/09/2016;0,0;P
10/09/2016;0,0;P
11/09/2016;0,0;P
12/09/2016;0,0;P
13/09/2016;0,0;P
14/09/2016;1,8;P
15/09/2016;0,0;P
16/09/2016;15,8;P
17/09/2016;68,8;P
18/09/2016;0,6;P
19/09/2016;10,6;P
20/09/2016;0,2;P
21/09/2016;0,2;P
22/09/2016;0,0;P
23/09/2016;0,0;P
24/09/2016;0,0;P
25/09/2016;0,2;P
26/09/2016;0,2;P
27/09/2016;0,0;P
28/09/2016;;@
29/09/2016;;@
30/09/2016;;@
01/10/2016;;@
02/10/2016;;@
03/10/2016;;@
04/10/2016;;@
05/10/2016;;@
06/10/2016;;@
07/10/2016;;@
08/10/2016;;@
09/10/2016;;@
10/10/2016;;@
11/10/2016;;@
12/10/2016;;@
13/10/2016;0,0;P
14/10/2016;17,2;P
15/10/2016;47,2;P
16/10/2016;0,4;P
17/10/2016;0,2;P
18/10/2016;0,4;P
19/10/2016;1,8;P
20/10/2016;7,4;P
21/10/2016;0,0;P
22/10/2016;0,0;P
23/10/2016;;@
24/10/2016;;@
25/10/2016;;@
26/10/2016;;@
27/10/2016;;@
28/10/2016;;@
29/10/2016;;@
30/10/2016;;@
31/10/2016;;@
01/11/2016;;@
02/11/2016;;@
03/11/2016;;@
04/11/2016;0,0;P
05/11/2016;4,8;P
06/11/2016;43,6;P
07/11/2016;18,8;P
08/11/2016;0,6;P
09/11/2016;0,4;P
10/11/2016;7,8;P
11/11/2016;2,4;P
12/11/2016;20,0;P
13/11/2016;0,0;P
14/11/2016;0,4;P
15/11/2016;0,0;P
16/11/2016;0,0;P
17/11/2016;0,2;P
18/11/2016;1,6;P
19/11/2016;33,6;P
20/11/2016;14,8;P
21/11/2016;11,0;P
22/11/2016;2,0;P
23/11/2016;0,2;P
24/11/2016;0,4;P
25/11/2016;4,4;P
26/11/2016;0,2;P
27/11/2016;0,2;P
28/11/2016;0,4;P
29/11/2016;0,0;P
30/11/2016;0,0;P
01/12/2016;0,0;P
02/12/2016;0,0;P
03/12/2016;0,2;P
04/12/2016;0,0;P
05/12/2016;0,0;P
06/12/2016;0,2;P
07/12/2016;0,2;P
08/12/2016;0,2;P
09/12/2016;0,0;P
10/12/2016;0,2;P
11/12/2016;0,0;P
12/12/2016;0,2;P
13/12/2016;0,0;P
14/12/2016;0,2;P
15/12/2016;0,0;P
16/12/2016;0,0;P
17/12/2016;0,4;P
18/12/2016;0,0;P
19/12/2016;0,0;P
20/12/2016;0,2;P
21/12/2016;2,0;P
22/12/2016;0,2;P
23/12/2016;0,0;P
24/12/2016;0,2;P
25/12/2016;0,0;P
26/12/2016;0,2;P
27/12/2016;0,2;P
28/12/2016;0,2;P
29/12/2016;0,2;P
30/12/2016;0,0;P
31/12/2016;0,0;P
01/01/2017;0,0;P
02/01/2017;0,8;P
03/01/2017;27,0;P
04/01/2017;0,0;P
05/01/2017;0,0;P
06/01/2017;0,0;P
07/01/2017;0,0;P
08/01/2017;0,0;P
09/01/2017;0,0;P
10/01/2017;0,0;P
11/01/2017;0,2;P
12/01/2017;0,0;P
13/01/2017;9,2;P
14/01/2017;5,0;P
15/01/2017;0,4;P
16/01/2017;0,6;P
17/01/2017;0,2;P
18/01/2017;0,8;P
19/01/2017;0,0;P
20/01/2017;0,0;P
21/01/2017;0,0;P
22/01/2017;0,0;P
23/01/2017;0,0;P
24/01/2017;0,0;P
25/01/2017;0,0;P
26/01/2017;0,0;P
27/01/2017;0,0;P
28/01/2017;0,0;P
29/01/2017;0,0;P
30/01/2017;0,2;P
31/01/2017;4,0;P
01/02/2017;0,2;P
02/02/2017;0,8;P
03/02/2017;2,8;P
04/02/2017;15,2;P
05/02/2017;8,0;P
06/02/2017;44,8;P
07/02/2017;7,4;P
08/02/2017;0,2;P
09/02/2017;0,0;P
10/02/2017;0,0;P
11/02/2017;0,0;P
12/02/2017;0,0;P
13/02/2017;0,0;P
14/02/2017;0,0;P
15/02/2017;0,0;P
16/02/2017;0,2;P
17/02/2017;0,6;P
18/02/2017;0,0;P
19/02/2017;0,0;P
20/02/2017;0,2;P
21/02/2017;0,0;P
22/02/2017;0,0;P
23/02/2017;0,0;P
24/02/2017;1,2;P
25/02/2017;31,0;P
26/02/2017;0,0;P
27/02/2017;0,0;P
28/02/2017;0,0;P
01/03/2017;21,0;P
02/03/2017;2,0;P
03/03/2017;0,0;P
04/03/2017;0,2;P
05/03/2017;14,0;P
06/03/2017;6,6;P
07/03/2017;25,6;P
08/03/2017;0,0;P
09/03/2017;0,0;P
10/03/2017;0,0;P
11/03/2017;0,0;P
12/03/2017;0,0;P
13/03/2017;0,0;P
14/03/2017;0,0;P
15/03/2017;0,0;P
16/03/2017;0,0;P
17/03/2017;0,0;P
18/03/2017;0,0;P
19/03/2017;0,0;P
20/03/2017;0,0;P
21/03/2017;0,0;P
22/03/2017;0,0;P
23/03/2017;3,8;P
24/03/2017;0,0;P
25/03/2017;0,0;P
26/03/2017;2,2;P
27/03/2017;2,6;P
28/03/2017;0,0;P
29/03/2017;0,0;P
30/03/2017;0,0;P
31/03/2017;0,0;P
01/04/2017;0,0;P
02/04/2017;0,0;P
03/04/2017;0,0;P
04/04/2017;0,0;P
05/04/2017;2,2;P
06/04/2017;0,0;P
07/04/2017;0,6;P
08/04/2017;0,0;P
09/04/2017;0,0;P
10/04/2017;0,2;P
11/04/2017;0,0;P
12/04/2017;0,8;P
13/04/2017;0,0;P
14/04/2017;0,0;P
15/04/2017;0,0;P
16/04/2017;15,8;P
17/04/2017;0,0;P
18/04/2017;0,0;P
19/04/2017;4,2;P
20/04/2017;0,0;P
21/04/2017;0,0;P
22/04/2017;0,0;P
23/04/2017;0,0;P
24/04/2017;0,2;P
25/04/2017;0,0;P
26/04/2017;0,0;P
27/04/2017;5,8;P
28/04/2017;17,8;P
29/04/2017;0,0;P
30/04/2017;0,2;P
01/05/2017;0,0;P
02/05/2017;4,0;P
03/05/2017;0,0;P
04/05/2017;5,8;P
05/05/2017;2,2;P
06/05/2017;0,2;P
07/05/2017;28,8;P
08/05/2017;1,2;P
09/05/2017;6,0;P
10/05/2017;0,4;P
11/05/2017;0,0;P
12/05/2017;0,0;P
13/05/2017;0,0;P
14/05/2017;0,0;P
15/05/2017;0,8;P
16/05/2017;0,4;P
17/05/2017;0,0;P
18/05/2017;0,0;P
19/05/2017;0,0;P
20/05/2017;0,6;P
21/05/2017;1,0;P
22/05/2017;0,0;P
23/05/2017;0,0;P
24/05/2017;0,0;P
25/05/2017;0,0;P
26/05/2017;0,0;P
27/05/2017;0,0;P
28/05/2017;0,0;P
29/05/2017;0,0;P
30/05/2017;0,0;P
31/05/2017;0,0;P
01/06/2017;0,0;P
02/06/2017;0,0;P
03/06/2017;0,0;P
04/06/2017;0,0;P
05/06/2017;0,0;P
06/06/2017;0,0;P
07/06/2017;0,4;P
08/06/2017;0,0;P
09/06/2017;0,0;P
10/06/2017;0,0;P
11/06/2017;0,0;P
12/06/2017;0,0;P
13/06/2017;0,0;P
14/06/2017;0,0;P
15/06/2017;1,0;P
16/06/2017;3,6;P
17/06/2017;0,0;P
18/06/2017;0,0;P
19/06/2017;0,0;P
20/06/2017;0,0;P
21/06/2017;0,0;P
22/06/2017;0,0;P
23/06/2017;0,0;P
24/06/2017;0,0;P
25/06/2017;0,0;P
26/06/2017;0,0;P
27/06/2017;0,2;P
28/06/2017;0,0;P
29/06/2017;18,6;P
30/06/2017;0,0;P
01/07/2017;0,2;P
02/07/2017;0,0;P
03/07/2017;0,0;P
04/07/2017;0,0;P
05/07/2017;0,0;P
06/07/2017;0,0;P
07/07/2017;0,0;P
08/07/2017;0,0;P
09/07/2017;0,0;P
10/07/2017;0,0;P
11/07/2017;0,0;P
12/07/2017;0,0;P
13/07/2017;0,0;P
14/07/2017;0,0;P
15/07/2017;0,4;P
16/07/2017;0,0;P
17/07/2017;0,0;P
18/07/2017;0,0;P
19/07/2017;0,0;P
20/07/2017;0,0;P
21/07/2017;0,0;P
22/07/2017;0,0;P
23/07/2017;0,0;P
24/07/2017;0,0;P
25/07/2017;0,0;P
26/07/2017;0,2;P
27/07/2017;0,0;P
28/07/2017;0,0;P
29/07/2017;0,0;P
30/07/2017;0,0;P
31/07/2017;0,0;P
01/08/2017;0,0;P
02/08/2017;0,0;P
03/08/2017;0,0;P
04/08/2017;0,0;P
05/08/2017;0,0;P
06/08/2017;0,0;P
07/08/2017;0,0;P
08/08/2017;0,0;P
09/08/2017;0,0;P
10/08/2017;0,0;P
11/08/2017;30,6;P
12/08/2017;0,8;P
13/08/2017;0,0;P
14/08/2017;0,0;P
15/08/2017;0,0;P
16/08/2017;0,0;P
17/08/2017;0,0;P
18/08/2017;0,0;P
19/08/2017;0,0;P
20/08/2017;0,0;P
21/08/2017;0,0;P
22/08/2017;0,0;P
23/08/2017;0,0;P
24/08/2017;0,0;P
25/08/2017;0,0;P
26/08/2017;0,0;P
27/08/2017;0,0;P
28/08/2017;0,0;P
29/08/2017;0,2;P
30/08/2017;0,0;P
31/08/2017;0,0;P
01/09/2017;3,0;P
02/09/2017;0,0;P
03/09/2017;0,8;P
04/09/2017;0,0;P
05/09/2017;0,0;P
06/09/2017;0,0;P
07/09/2017;0,0;P
08/09/2017;4,6;P
09/09/2017;0,0;P
10/09/2017;34,0;P
11/09/2017;12,0;P
12/09/2017;0,2;P
13/09/2017;0,0;P
14/09/2017;0,8;P
15/09/2017;0,2;P
16/09/2017;21,4;P
17/09/2017;0,0;P
18/09/2017;1,4;P
19/09/2017;12,6;P
20/09/2017;1,2;P
21/09/2017;0,2;P
22/09/2017;0,0;P
23/09/2017;0,2;P
24/09/2017;0,2;P
25/09/2017;3,0;P
26/09/2017;0,2;P
27/09/2017;0,0;P
28/09/2017;0,2;P
29/09/2017;0,0;P
30/09/2017;0,0;P
01/10/2017;0,0;P
02/10/2017;0,4;P
03/10/2017;0,2;P
04/10/2017;0,0;P
05/10/2017;0,2;P
06/10/2017;0,0;P
07/10/2017;2,6;P
08/10/2017;0,0;P
09/10/2017;0,2;P
10/10/2017;0,0;P
11/10/2017;0,2;P
12/10/2017;0,0;P
13/10/2017;0,2;P
14/10/2017;0,4;P
15/10/2017;0,2;P
16/10/2017;0,2;P
17/10/2017;0,2;P
18/10/2017;0,0;P
19/10/2017;0,2;P
20/10/2017;0,0;P
21/10/2017;0,0;P
22/10/2017;0,2;P
23/10/2017;0,8;P
24/10/2017;0,2;P
25/10/2017;0,0;P
26/10/2017;0,0;P
27/10/2017;0,0;P
28/10/2017;0,0;P
29/10/2017;0,0;P
30/10/2017;0,0;P
31/10/2017;0,0;P
01/11/2017;0,2;P
02/11/2017;0,0;P
03/11/2017;1,6;P
04/11/2017;0,2;P
05/11/2017;0,0;P
06/11/2017;35,0;P
07/11/2017;38,2;P
08/11/2017;3,0;P
09/11/2017;0,6;P
10/11/2017;0,0;P
11/11/2017;0,2;P
12/11/2017;0,0;P
13/11/2017;35,4;P
14/11/2017;28,8;P
15/11/2017;0,0;P
16/11/2017;0,0;P
17/11/2017;0,0;P
18/11/2017;0,0;P
19/11/2017;0,2;P
20/11/2017;0,0;P
21/11/2017;0,2;P
22/11/2017;0,0;P
23/11/2017;0,0;P
24/11/2017;0,4;P
25/11/2017;0,2;P
26/11/2017;6,4;P
27/11/2017;3,4;P
28/11/2017;0,0;P
29/11/2017;19,2;P
30/11/2017;5,0;P
01/12/2017;0,6;P
02/12/2017;0,2;P
03/12/2017;0,0;P
04/12/2017;0,0;P
05/12/2017;0,0;P
06/12/2017;0,2;P
07/12/2017;0,0;P
08/12/2017;5,6;P
09/12/2017;35,8;P
10/12/2017;0,2;P
11/12/2017;23,4;P
12/12/2017;20,2;P
13/12/2017;1,6;P
14/12/2017;10,0;P
15/12/2017;1,8;P
16/12/2017;5,4;P
17/12/2017;2,0;P
18/12/2017;0,0;P
19/12/2017;0,2;P
20/12/2017;0,0;P
21/12/2017;0,2;P
22/12/2017;0,0;P
23/12/2017;0,0;P
24/12/2017;0,0;P
25/12/2017;0,2;P
26/12/2017;1,2;P
27/12/2017;6,4;P
28/12/2017;29,8;P
29/12/2017;2,4;P
30/12/2017;0,2;P
31/12/2017;0,4;P
01/01/2018;1,4;P
02/01/2018;10,6;P
03/01/2018;0,0;P
04/01/2018;5,6;P
05/01/2018;2,4;P
06/01/2018;1,4;P
07/01/2018;0,2;P
08/01/2018;0,2;P
09/01/2018;4,8;P
10/01/2018;1,4;P
11/01/2018;1,6;P
12/01/2018;0,6;P
13/01/2018;0,0;P
14/01/2018;0,0;P
15/01/2018;0,0;P
16/01/2018;7,8;P
17/01/2018;10,6;P
18/01/2018;1,0;P
19/01/2018;4,4;P
20/01/2018;0,8;P
21/01/2018;7,8;P
22/01/2018;0,0;P
23/01/2018;0,0;P
24/01/2018;0,0;P
25/01/2018;0,0;P
26/01/2018;0,0;P
27/01/2018;0,4;P
28/01/2018;0,2;P
29/01/2018;0,2;P
30/01/2018;0,0;P
31/01/2018;0,0;P
01/02/2018;12,8;P
02/02/2018;29,8;P
03/02/2018;30,4;P
04/02/2018;0,6;P
05/02/2018;0,0;P
06/02/2018;0,2;P
07/02/2018;4,6;P
08/02/2018;2,6;P
09/02/2018;0,0;P
10/02/2018;0,2;P
11/02/2018;0,2;P
12/02/2018;1,8;P
13/02/2018;9,6;P
14/02/2018;0,0;P
15/02/2018;0,2;P
16/02/2018;0,0;P
17/02/2018;0,0;P
18/02/2018;28,2;P
19/02/2018;1,6;P
20/02/2018;0,0;P
21/02/2018;0,0;P
22/02/2018;2,8;P
23/02/2018;2,4;P
24/02/2018;1,6;P
25/02/2018;0,0;P
26/02/2018;0,0;P
27/02/2018;0,0;P
28/02/2018;0,0;P
01/03/2018;0,0;P
02/03/2018;0,4;P
03/03/2018;4,0;P
04/03/2018;18,6;P
05/03/2018;1,8;P
06/03/2018;3,8;P
07/03/2018;12,0;P
08/03/2018;3,4;P
09/03/2018;0,0;P
10/03/2018;0,0;P
11/03/2018;9,2;P
12/03/2018;24,8;P
13/03/2018;6,2;P
14/03/2018;3,2;P
15/03/2018;0,0;P
16/03/2018;16,2;P
17/03/2018;3,6;P
18/03/2018;1,2;P
19/03/2018;14,2;P
20/03/2018;0,4;P
21/03/2018;1,2;P
22/03/2018;0,0;P
23/03/2018;0,0;P
24/03/2018;0,0;P
25/03/2018;0,0;P
26/03/2018;0,0;P
27/03/2018;0,0;P
28/03/2018;0,0;P
29/03/2018;0,0;P
30/03/2018;0,2;P
31/03/2018;0,0;P
01/04/2018;17,4;P
02/04/2018;0,0;P
03/04/2018;0,0;P
04/04/2018;9,4;P
05/04/2018;8,6;P
06/04/2018;0,0;P
07/04/2018;0,0;P
08/04/2018;0,0;P
09/04/2018;1,8;P
10/04/2018;4,8;P
11/04/2018;0,6;P
12/04/2018;2,8;P
13/04/2018;6,0;P
14/04/2018;0,0;P
15/04/2018;0,0;P
16/04/2018;0,6;P
17/04/2018;2,6;P
18/04/2018;0,0;P
19/04/2018;0,0;P
20/04/2018;0,0;P
21/04/2018;0,0;P
22/04/2018;0,0;P
23/04/2018;0,0;P
24/04/2018;0,0;P
25/04/2018;0,0;P
26/04/2018;0,2;P
27/04/2018;0,0;P
28/04/2018;0,2;P
29/04/2018;0,0;P
30/04/2018;2,0;P
01/05/2018;0,0;P
02/05/2018;30,2;P
03/05/2018;0,0;P
04/05/2018;4,0;P
05/05/2018;2,0;P
06/05/2018;0,0;P
07/05/2018;0,2;P
08/05/2018;0,0;P
09/05/2018;0,0;P
10/05/2018;1,0;P
11/05/2018;23,2;P
12/05/2018;0,0;P
13/05/2018;0,0;P
14/05/2018;12,0;P
15/05/2018;0,2;P
16/05/2018;6,0;P
17/05/2018;0,0;P
18/05/2018;2,2;P
19/05/2018;0,2;P
20/05/2018;0,0;P
21/05/2018;0,0;P
22/05/2018;9,4;P
23/05/2018;6,2;P
24/05/2018;0,2;P
25/05/2018;0,0;P
26/05/2018;0,2;P
27/05/2018;0,2;P
28/05/2018;0,0;P
29/05/2018;0,2;P
30/05/2018;0,2;P
31/05/2018;19,4;P
01/06/2018;0,0;P
02/06/2018;0,2;P
03/06/2018;0,0;P
04/06/2018;0,0;P
05/06/2018;0,4;P
06/06/2018;0,0;P
07/06/2018;0,0;P
08/06/2018;8,2;P
09/06/2018;13,0;P
10/06/2018;0,0;P
11/06/2018;0,0;P
12/06/2018;0,0;P
13/06/2018;2,6;P
14/06/2018;11,0;P
15/06/2018;0,2;P
16/06/2018;0,0;P
17/06/2018;0,2;P
18/06/2018;0,0;P
19/06/2018;0,0;P
20/06/2018;0,0;P
21/06/2018;0,0;P
22/06/2018;0,0;P
23/06/2018;12,6;P
24/06/2018;0,0;P
25/06/2018;0,0;P
26/06/2018;0,2;P
27/06/2018;0,0;P
28/06/2018;0,0;P
29/06/2018;0,0;P
30/06/2018;0,0;P
01/07/2018;0,0;P
02/07/2018;0,0;P
03/07/2018;0,0;P
04/07/2018;0,0;P
05/07/2018;0,2;P
06/07/2018;0,0;P
07/07/2018;8,0;P
08/07/2018;0,4;P
09/07/2018;0,0;P
10/07/2018;0,0;P
11/07/2018;0,0;P
12/07/2018;0,0;P
13/07/2018;0,0;P
14/07/2018;0,0;P
15/07/2018;0,0;P
16/07/2018;23,8;P
17/07/2018;0,8;P
18/07/2018;0,2;P
19/07/2018;0,0;P
20/07/2018;0,0;P
21/07/2018;0,0;P
22/07/2018;5,6;P
23/07/2018;13,4;P
24/07/2018;0,0;P
25/07/2018;0,0;P
26/07/2018;0,0;P
27/07/2018;7,4;P
28/07/2018;0,2;P
29/07/2018;0,0;P
30/07/2018;0,0;P
31/07/2018;0,0;P
01/08/2018;0,0;P
02/08/2018;0,0;P
03/08/2018;0,0;P
04/08/2018;0,0;P
05/08/2018;0,0;P
06/08/2018;0,0;P
07/08/2018;0,0;P
08/08/2018;1,4;P
09/08/2018;0,0;P
10/08/2018;0,0;P
11/08/2018;0,0;P
12/08/2018;0,0;P
13/08/2018;0,0;P
14/08/2018;1,4;P
15/08/2018;4,6;P
16/08/2018;0,6;P
17/08/2018;0,0;P
18/08/2018;0,0;P
19/08/2018;0,0;P
20/08/2018;0,0;P
21/08/2018;0,0;P
22/08/2018;0,0;P
23/08/2018;0,0;P
24/08/2018;14,2;P
25/08/2018;1,0;P
26/08/2018;11,4;P
27/08/2018;0,0;P
28/08/2018;0,0;P
29/08/2018;0,0;P
30/08/2018;0,0;P
31/08/2018;0,0;P
01/09/2018;6,2;P
02/09/2018;10,2;P
03/09/2018;1,2;P
04/09/2018;0,2;P
05/09/2018;0,0;P
06/09/2018;0,0;P
07/09/2018;0,0;P
08/09/2018;0,0;P
09/09/2018;0,0;P
10/09/2018;0,0;P
11/09/2018;0,0;P
12/09/2018;0,0;P
13/09/2018;0,0;P
14/09/2018;0,0;P
15/09/2018;0,0;P
16/09/2018;0,0;P
17/09/2018;0,0;P
18/09/2018;0,0;P
19/09/2018;1,0;P
20/09/2018;0,0;P
21/09/2018;0,0;P
22/09/2018;0,0;P
23/09/2018;0,0;P
24/09/2018;0,0;P
25/09/2018;0,0;P
26/09/2018;0,0;P
27/09/2018;0,0;P
28/09/2018;0,0;P
29/09/2018;0,0;P
30/09/2018;0,0;P
01/10/2018;9,4;P
02/10/2018;7,4;P
03/10/2018;0,4;P
04/10/2018;0,0;P
05/10/2018;0,0;P
06/10/2018;0,0;P
07/10/2018;11,8;P
08/10/2018;0,4;P
09/10/2018;0,2;P
10/10/2018;0,2;P
11/10/2018;0,4;P
12/10/2018;0,8;P
13/10/2018;0,2;P
14/10/2018;0,0;P
15/10/2018;0,2;P
16/10/2018;0,0;P
17/10/2018;2,4;P
18/10/2018;0,0;P
19/10/2018;0,0;P
20/10/2018;0,2;P
21/10/2018;0,2;P
22/10/2018;0,6;P
23/10/2018;0,0;P
24/10/2018;0,0;P
25/10/2018;0,2;P
26/10/2018;0,0;P
27/10/2018;0,2;P
28/10/2018;4,2;P
29/10/2018;35,4;P
30/10/2018;18,4;P
31/10/2018;11,4;P
01/11/2018;22,8;P
02/11/2018;4,2;P
03/11/2018;0,2;P
04/11/2018;0,0;P
05/11/2018;4,0;P
06/11/2018;0,6;P
07/11/2018;8,2;P
08/11/2018;7,8;P
09/11/2018;0,2;P
10/11/2018;0,4;P
11/11/2018;0,4;P
12/11/2018;1,8;P
13/11/2018;0,8;P
14/11/2018;0,0;P
15/11/2018;0,0;P
16/11/2018;0,0;P
17/11/2018;2,4;P
18/11/2018;0,0;P
19/11/2018;0,0;P
20/11/2018;5,6;P
21/11/2018;0,6;P
22/11/2018;2,0;P
23/11/2018;1,0;P
24/11/2018;6,6;P
25/11/2018;18,2;P
26/11/2018;11,4;P
27/11/2018;0,2;P
28/11/2018;1,0;P
29/11/2018;0,0;P
30/11/2018;0,0;P
01/12/2018;0,0;P
02/12/2018;0,0;P
03/12/2018;9,8;P
04/12/2018;3,0;P
05/12/2018;0,2;P
06/12/2018;0,8;P
07/12/2018;11,6;P
08/12/2018;14,0;P
09/12/2018;0,4;P
10/12/2018;1,2;P
11/12/2018;0,2;P
12/12/2018;0,0;P
13/12/2018;0,0;P
14/12/2018;0,0;P
15/12/2018;0,0;P
16/12/2018;0,0;P
17/12/2018;5,0;P
18/12/2018;4,0;P
19/12/2018;0,0;P
20/12/2018;13,6;P
21/12/2018;0,2;P
22/12/2018;1,6;P
23/12/2018;2,8;P
24/12/2018;0,8;P
25/12/2018;0,0;P
26/12/2018;0,0;P
27/12/2018;0,2;P
28/12/2018;0,0;P
29/12/2018;0,0;P
30/12/2018;0,4;P
31/12/2018;0,0;P
01/01/2019;0,2;P
02/01/2019;0,0;P
03/01/2019;0,0;P
04/01/2019;0,0;P
05/01/2019;0,0;P
06/01/2019;0,0;P
07/01/2019;0,2;P
08/01/2019;0,2;P
09/01/2019;0,0;P
10/01/2019;0,2;P
11/01/2019;0,0;P
12/01/2019;0,0;P
13/01/2019;0,0;P
14/01/2019;0,0;P
15/01/2019;0,0;P
16/01/2019;0,0;P
17/01/2019;1,2;P
18/01/2019;18,8;P
19/01/2019;0,0;P
20/01/2019;0,8;P
21/01/2019;0,2;P
22/01/2019;0,0;P
23/01/2019;0,6;P
24/01/2019;2,0;P
25/01/2019;0,0;P
26/01/2019;0,0;P
27/01/2019;0,0;P
28/01/2019;9,4;P
29/01/2019;0,6;P
30/01/2019;0,0;P
31/01/2019;3,2;P
01/02/2019;10,8;P
02/02/2019;52,6;P
03/02/2019;23,8;P
04/02/2019;2,4;P
05/02/2019;0,0;P
06/02/2019;0,0;P
07/02/2019;0,0;P
08/02/2019;0,0;P
09/02/2019;0,0;P
10/02/2019;0,4;P
11/02/2019;15,4;P
12/02/2019;0,0;P
13/02/2019;0,0;P
14/02/2019;0,0;P
15/02/2019;0,0;P
16/02/2019;0,0;P
17/02/2019;0,0;P
18/02/2019;0,0;P
19/02/2019;0,2;P
20/02/2019;0,0;P
21/02/2019;0,0;P
22/02/2019;0,0;P
23/02/2019;0,0;P
24/02/2019;0,0;P
25/02/2019;0,0;P
26/02/2019;0,0;P
27/02/2019;0,0;P
28/02/2019;0,0;P
01/03/2019;0,0;P
02/03/2019;0,2;P
03/03/2019;0,0;P
04/03/2019;0,0;P
05/03/2019;2,0;P
06/03/2019;0,0;P
07/03/2019;0,0;P
08/03/2019;0,0;P
09/03/2019;0,0;P
10/03/2019;0,0;P
11/03/2019;1,0;P
12/03/2019;8,6;P
13/03/2019;0,6;P
14/03/2019;3,4;P
15/03/2019;0,0;P
16/03/2019;0,0;P
17/03/2019;0,0;P
18/03/2019;2,2;P
19/03/2019;1,6;P
20/03/2019;0,0;P
21/03/2019;0,0;P
22/03/2019;0,0;P
23/03/2019;0,0;P
24/03/2019;0,0;P
25/03/2019;0,0;P
26/03/2019;7,2;P
27/03/2019;0,0;P
28/03/2019;0,0;P
29/03/2019;0,6;P
30/03/2019;0,0;P
31/03/2019;0,0;P
01/04/2019;0,0;P
02/04/2019;0,0;P
03/04/2019;0,0;P
04/04/2019;3,4;P
05/04/2019;22,2;P
06/04/2019;0,2;P
07/04/2019;0,0;P
08/04/2019;2,0;P
09/04/2019;0,0;P
10/04/2019;0,0;P
11/04/2019;6,8;P
12/04/2019;7,2;P
13/04/2019;0,2;P
14/04/2019;3,0;P
15/04/2019;4,8;P
16/04/2019;0,0;P
17/04/2019;0,0;P
18/04/2019;0,0;P
19/04/2019;0,0;P
20/04/2019;0,0;P
21/04/2019;0,0;P
22/04/2019;0,0;P
23/04/2019;13,8;P
24/04/2019;10,0;P
25/04/2019;4,6;P
26/04/2019;0,0;P
27/04/2019;0,0;P
28/04/2019;0,0;P
29/04/2019;4,2;P
30/04/2019;0,0;P
01/05/2019;2,2;P
02/05/2019;0,2;P
03/05/2019;0,0;P
04/05/2019;7,0;P
05/05/2019;0,2;P
06/05/2019;16,8;P
07/05/2019;0,2;P
08/05/2019;0,0;P
09/05/2019;24,4;P
10/05/2019;0,0;P
11/05/2019;0,2;P
12/05/2019;5,4;P
13/05/2019;27,2;P
14/05/2019;4,4;P
15/05/2019;0,4;P
16/05/2019;0,0;P
17/05/2019;0,0;P
18/05/2019;6,6;P
19/05/2019;7,4;P
20/05/2019;16,8;P
21/05/2019;4,8;P
22/05/2019;0,2;P
23/05/2019;1,0;P
24/05/2019;8,8;P
25/05/2019;0,2;P
26/05/2019;2,0;P
27/05/2019;6,2;P
28/05/2019;0,4;P
29/05/2019;15,2;P
30/05/2019;0,0;P
31/05/2019;0,0;P
01/06/2019;0,0;P
02/06/2019;0,0;P
03/06/2019;0,0;P
04/06/2019;0,0;P
05/06/2019;0,0;P
06/06/2019;0,0;P
07/06/2019;0,0;P
08/06/2019;0,0;P
09/06/2019;0,0;P
10/06/2019;0,0;P
11/06/2019;0,0;P
12/06/2019;0,0;P
13/06/2019;0,0;P
14/06/2019;0,0;P
15/06/2019;0,0;P
16/06/2019;0,0;P
17/06/2019;0,0;P
18/06/2019;0,0;P
19/06/2019;0,0;P
20/06/2019;0,0;P
21/06/2019;0,0;P
22/06/2019;2,6;P
23/06/2019;32,0;P
24/06/2019;0,2;P
25/06/2019;0,0;P
26/06/2019;0,0;P
27/06/2019;0,0;P
28/06/2019;0,0;P
29/06/2019;0,0;P
30/06/2019;0,0;P
01/07/2019;0,0;P
02/07/2019;0,0;P
03/07/2019;0,0;P
04/07/2019;0,0;P
05/07/2019;0,0;P
06/07/2019;0,0;P
07/07/2019;0,0;P
08/07/2019;3,4;P
09/07/2019;0,6;P
10/07/2019;0,0;P
11/07/2019;0,0;P
12/07/2019;1,0;P
13/07/2019;0,0;P
14/07/2019;0,0;P
15/07/2019;6,2;P
16/07/2019;0,4;P
17/07/2019;0,0;P
18/07/2019;0,0;P
19/07/2019;0,0;P
20/07/2019;0,0;P
21/07/2019;0,0;P
22/07/2019;0,0;P
23/07/2019;0,0;P
24/07/2019;0,0;P
25/07/2019;0,0;P
26/07/2019;0,0;P
27/07/2019;0,0;P
28/07/2019;15,2;P
29/07/2019;1,8;P
30/07/2019;0,0;P
31/07/2019;0,0;P
01/08/2019;0,2;P
02/08/2019;0,2;P
03/08/2019;0,0;P
04/08/2019;0,0;P
05/08/2019;0,0;P
06/08/2019;0,0;P
07/08/2019;0,0;P
08/08/2019;0,0;P
09/08/2019;0,0;P
10/08/2019;0,0;P
11/08/2019;0,0;P
12/08/2019;0,0;P
13/08/2019;0,0;P
14/08/2019;0,0;P
15/08/2019;0,0;P
16/08/2019;0,0;P
17/08/2019;0,0;P
18/08/2019;0,0;P
19/08/2019;0,0;P
20/08/2019;0,0;P
21/08/2019;0,0;P
22/08/2019;0,2;P
23/08/2019;0,0;P
24/08/2019;3,4;P
25/08/2019;0,0;P
26/08/2019;3,6;P
27/08/2019;27,2;P
28/08/2019;0,0;P
29/08/2019;0,2;P
30/08/2019;4,2;P
31/08/2019;0,0;P
01/09/2019;2,6;P
02/09/2019;2,4;P
03/09/2019;14,8;P
04/09/2019;0,0;P
05/09/2019;0,0;P
06/09/2019;0,0;P
07/09/2019;1,4;P
08/09/2019;0,0;P
09/09/2019;4,6;P
10/09/2019;0,0;P
11/09/2019;0,0;P
12/09/2019;0,0;P
13/09/2019;0,0;P
14/09/2019;0,0;P
15/09/2019;0,0;P
16/09/2019;0,0;P
17/09/2019;0,0;P
18/09/2019;0,0;P
19/09/2019;0,0;P
20/09/2019;0,0;P
21/09/2019;0,0;P
22/09/2019;1,6;P
23/09/2019;25,2;P
24/09/2019;31,2;P
25/09/2019;3,2;P
26/09/2019;26,6;P
27/09/2019;0,2;P
28/09/2019;0,0;P
29/09/2019;0,2;P
30/09/2019;0,0;P
01/10/2019;0,2;P
02/10/2019;0,6;P
03/10/2019;24,0;P
04/10/2019;0,2;P
05/10/2019;1,6;P
06/10/2019;0,4;P
07/10/2019;2,6;P
08/10/2019;0,0;P
09/10/2019;0,2;P
10/10/2019;4,0;P
11/10/2019;0,2;P
12/10/2019;0,2;P
13/10/2019;0,2;P
14/10/2019;0,0;P
15/10/2019;2,8;P
16/10/2019;18,2;P
17/10/2019;0,2;P
18/10/2019;0,2;P
19/10/2019;0,0;P
20/10/2019;0,2;P
21/10/2019;0,0;P
22/10/2019;0,2;P
23/10/2019;0,4;P
24/10/2019;0,6;P
25/10/2019;11,2;P
26/10/2019;0,0;P
27/10/2019;0,4;P
28/10/2019;0,4;P
29/10/2019;0,0;P
30/10/2019;8,0;P
31/10/2019;0,4;P
01/11/2019;1,0;P
02/11/2019;0,2;P
03/11/2019;28,8;P
04/11/2019;21,2;P
05/11/2019;3,6;P
06/11/2019;29,4;P
07/11/2019;9,6;P
08/11/2019;20,6;P
09/11/2019;25,8;P
10/11/2019;0,2;P
11/11/2019;5,8;P
12/11/2019;1,6;P
13/11/2019;25,6;P
14/11/2019;3,2;P
15/11/2019;6,8;P
16/11/2019;26,2;P
17/11/2019;94,8;P
18/11/2019;3,4;P
19/11/2019;17,8;P
20/11/2019;5,8;P
21/11/2019;0,6;P
22/11/2019;0,6;P
23/11/2019;0,6;P
24/11/2019;7,6;P
25/11/2019;0,0;P
26/11/2019;0,4;P
27/11/2019;0,0;P
28/11/2019;30,0;P
29/11/2019;4,0;P
30/11/2019;1,0;P
01/12/2019;0,2;P
02/12/2019;1,4;P
03/12/2019;43,0;P
04/12/2019;0,0;P
05/12/2019;0,0;P
06/12/2019;0,8;P
07/12/2019;2,6;P
08/12/2019;0,0;P
09/12/2019;3,6;P
10/12/2019;6,4;P
11/12/2019;0,0;P
12/12/2019;0,6;P
13/12/2019;4,6;P
14/12/2019;21,2;P
15/12/2019;0,8;P
16/12/2019;0,0;P
17/12/2019;0,0;P
18/12/2019;0,0;P
19/12/2019;0,0;P
20/12/2019;0,2;P
21/12/2019;42,4;P
22/12/2019;39,0;P
23/12/2019;1,4;P
24/12/2019;0,0;P
25/12/2019;0,2;P
26/12/2019;0,2;P
27/12/2019;0,2;P
28/12/2019;0,0;P
29/12/2019;0,0;P
30/12/2019;0,0;P
31/12/2019;0,0;P
01/01/2020;0,0;P
02/01/2020;0,0;P
03/01/2020;0,2;P
04/01/2020;0,0;P
05/01/2020;0,2;P
06/01/2020;0,0;P
07/01/2020;0,2;P
08/01/2020;0,0;P
09/01/2020;0,0;P
10/01/2020;0,2;P
11/01/2020;0,0;P
12/01/2020;0,0;P
13/01/2020;0,0;P
14/01/2020;0,2;P
15/01/2020;0,0;P
16/01/2020;0,2;P
17/01/2020;0,0;P
18/01/2020;15,0;P
19/01/2020;0,2;P
20/01/2020;0,0;P
21/01/2020;0,0;P
22/01/2020;0,0;P
23/01/2020;0,0;P
24/01/2020;0,0;P
25/01/2020;15,4;P
26/01/2020;6,2;P
27/01/2020;0,0;P
28/01/2020;0,8;P
29/01/2020;2,2;P
30/01/2020;0,0;P
31/01/2020;1,4;P
01/02/2020;6,0;P
02/02/2020;6,0;P
03/02/2020;0,4;P
04/02/2020;0,4;P
05/02/2020;0,0;P
06/02/2020;0,0;P
07/02/2020;0,0;P
08/02/2020;0,0;P
09/02/2020;0,0;P
10/02/2020;1,0;P
11/02/2020;0,8;P
12/02/2020;0,0;P
13/02/2020;0,2;P
14/02/2020;18,4;P
15/02/2020;0,0;P
16/02/2020;0,0;P
17/02/2020;0,2;P
18/02/2020;1,0;P
19/02/2020;1,2;P
20/02/2020;0,2;P
21/02/2020;0,2;P
22/02/2020;0,0;P
23/02/2020;0,0;P
24/02/2020;0,0;P
25/02/2020;0,0;P
26/02/2020;2,2;P
27/02/2020;5,4;P
28/02/2020;14,0;P
29/02/2020;0,0;P
01/03/2020;0,4;P
02/03/2020;16,6;P
03/03/2020;38,2;P
04/03/2020;19,2;P
05/03/2020;0,0;P
06/03/2020;20,4;P
07/03/2020;5,0;P
08/03/2020;0,6;P
09/03/2020;0,0;P
10/03/2020;0,0;P
11/03/2020;0,0;P
12/03/2020;0,2;P
13/03/2020;0,4;P
14/03/2020;0,0;P
15/03/2020;0,0;P
16/03/2020;0,0;P
17/03/2020;0,0;P
18/03/2020;0,0;P
19/03/2020;0,0;P
20/03/2020;0,0;P
21/03/2020;0,0;P
22/03/2020;0,0;P
23/03/2020;0,0;P
24/03/2020;0,0;P
25/03/2020;2,8;P
26/03/2020;9,4;P
27/03/2020;0,6;P
28/03/2020;0,0;P
29/03/2020;0,0;P
30/03/2020;1,8;P
31/03/2020;0,6;P
01/04/2020;0,0;P
02/04/2020;0,0;P
03/04/2020;0,0;P
04/04/2020;0,0;P
05/04/2020;0,0;P
06/04/2020;0,0;P
07/04/2020;0,0;P
08/04/2020;0,0;P
09/04/2020;0,0;P
10/04/2020;0,0;P
11/04/2020;0,0;P
12/04/2020;0,0;P
13/04/2020;0,0;P
14/04/2020;0,8;P
15/04/2020;0,0;P
16/04/2020;0,0;P
17/04/2020;0,0;P
18/04/2020;0,0;P
19/04/2020;0,0;P
20/04/2020;3,2;P
21/04/2020;13,4;P
22/04/2020;3,0;P
23/04/2020;0,0;P
24/04/2020;0,0;P
25/04/2020;0,0;P
26/04/2020;0,0;P
27/04/2020;0,0;P
28/04/2020;0,0;P
29/04/2020;27,0;P
30/04/2020;0,0;P
01/05/2020;1,2;P
02/05/2020;1,8;P
03/05/2020;0,0;P
04/05/2020;0,0;P
05/05/2020;0,0;P
06/05/2020;0,0;P
07/05/2020;0,0;P
08/05/2020;0,0;P
09/05/2020;0,0;P
10/05/2020;0,0;P
11/05/2020;3,0;P
12/05/2020;11,8;P
13/05/2020;1,4;P
14/05/2020;0,0;P
15/05/2020;5,4;P
16/05/2020;0,2;P
17/05/2020;0,0;P
18/05/2020;0,0;P
19/05/2020;6,6;P
20/05/2020;27,4;P
21/05/2020;0,2;P
22/05/2020;0,0;P
23/05/2020;0,0;P
24/05/2020;0,4;P
25/05/2020;0,0;P
26/05/2020;0,0;P
27/05/2020;0,0;P
28/05/2020;0,0;P
29/05/2020;20,0;P
30/05/2020;0,0;P
31/05/2020;0,0;P
01/06/2020;0,0;P
02/06/2020;0,0;P
03/06/2020;0,0;P
04/06/2020;0,0;P
05/06/2020;7,4;P
06/06/2020;0,6;P
07/06/2020;0,0;P
08/06/2020;3,6;P
09/06/2020;15,4;P
10/06/2020;2,4;P
11/06/2020;3,2;P
12/06/2020;0,0;P
13/06/2020;0,2;P
14/06/2020;17,2;P
15/06/2020;0,0;P
16/06/2020;6,0;P
17/06/2020;1,4;P
18/06/2020;1,4;P
19/06/2020;0,0;P
20/06/2020;0,0;P
21/06/2020;0,0;P
22/06/2020;0,0;P
23/06/2020;0,0;P
24/06/2020;0,0;P
25/06/2020;0,0;P
26/06/2020;0,0;P
27/06/2020;0,0;P
28/06/2020;0,0;P
29/06/2020;0,0;P
30/06/2020;0,0;P
01/07/2020;0,0;P
02/07/2020;0,0;P
03/07/2020;0,0;P
04/07/2020;27,4;P
05/07/2020;0,0;P
06/07/2020;0,0;P
07/07/2020;0,0;P
08/07/2020;0,0;P
09/07/2020;0,0;P
10/07/2020;0,0;P
11/07/2020;0,0;P
12/07/2020;0,0;P
13/07/2020;0,0;P
14/07/2020;0,0;P
15/07/2020;0,0;P
16/07/2020;16,4;P
17/07/2020;0,0;P
18/07/2020;13,8;P
19/07/2020;0,0;P
20/07/2020;0,0;P
21/07/2020;0,0;P
22/07/2020;0,0;P
23/07/2020;0,0;P
24/07/2020;0,2;P
25/07/2020;15,2;P
26/07/2020;0,0;P
27/07/2020;0,2;P
28/07/2020;0,0;P
29/07/2020;0,0;P
30/07/2020;0,0;P
31/07/2020;0,0;P
01/08/2020;0,0;P
02/08/2020;0,0;P
03/08/2020;0,0;P
04/08/2020;1,2;P
05/08/2020;2,0;P
06/08/2020;0,0;P
07/08/2020;0,0;P
08/08/2020;0,0;P
09/08/2020;0,0;P
10/08/2020;0,0;P
11/08/2020;0,0;P
12/08/2020;0,0;P
13/08/2020;0,0;P
14/08/2020;0,0;P
15/08/2020;0,0;P
16/08/2020;0,0;P
17/08/2020;0,0;P
18/08/2020;0,0;P
19/08/2020;0,0;P
20/08/2020;0,0;P
21/08/2020;0,0;P
22/08/2020;0,0;P
23/08/2020;0,0;P
24/08/2020;0,0;P
25/08/2020;0,0;P
26/08/2020;0,0;P
27/08/2020;0,0;P
28/08/2020;0,0;P
29/08/2020;1,0;P
30/08/2020;3,0;P
31/08/2020;17,6;P
01/09/2020;22,6;P
02/09/2020;0,2;P
03/09/2020;0,8;P
04/09/2020;0,0;P
05/09/2020;0,2;P
06/09/2020;0,0;P
07/09/2020;0,0;P
08/09/2020;0,0;P
09/09/2020;0,0;P
10/09/2020;0,0;P
11/09/2020;0,0;P
12/09/2020;0,0;P
13/09/2020;0,0;P
14/09/2020;0,0;P
15/09/2020;0,0;P
16/09/2020;0,0;P
17/09/2020;0,0;P
18/09/2020;0,0;P
19/09/2020;0,0;P
20/09/2020;0,2;P
21/09/2020;0,6;P
22/09/2020;1,8;P
23/09/2020;9,6;P
24/09/2020;1,0;P
25/09/2020;11,4;P
26/09/2020;0,8;P
27/09/2020;2,0;P
28/09/2020;0,4;P
29/09/2020;0,2;P
30/09/2020;0,0;P
01/10/2020;0,4;P
02/10/2020;0,0;P
03/10/2020;0,6;P
04/10/2020;8,8;P
05/10/2020;42,0;P
06/10/2020;0,4;P
07/10/2020;20,2;P
08/10/2020;0,4;P
09/10/2020;0,0;P
10/10/2020;0,2;P
11/10/2020;4,2;P
12/10/2020;26,0;P
13/10/2020;0,0;P
14/10/2020;0,2;P
15/10/2020;24,8;P
16/10/2020;10,8;P
17/10/2020;0,2;P
18/10/2020;0,2;P
19/10/2020;1,4;P
20/10/2020;0,2;P
21/10/2020;0,4;P
22/10/2020;0,0;P
23/10/2020;0,2;P
24/10/2020;13,0;P
25/10/2020;0,2;P
26/10/2020;0,2;P
27/10/2020;16,8;P
28/10/2020;1,6;P
29/10/2020;0,2;P
30/10/2020;0,0;P
31/10/2020;0,2;P
01/11/2020;0,0;P
02/11/2020;0,0;P
03/11/2020;0,8;P
04/11/2020;0,8;P
05/11/2020;2,2;P
06/11/2020;0,0;P
07/11/2020;0,0;P
08/11/2020;0,8;P
09/11/2020;0,2;P
10/11/2020;0,0;P
11/11/2020;0,2;P
12/11/2020;0,6;P
13/11/2020;1,8;P
14/11/2020;0,2;P
15/11/2020;0,4;P
16/11/2020;4,4;P
17/11/2020;13,4;P
18/11/2020;0,0;P
19/11/2020;0,0;P
20/11/2020;7,0;P
21/11/2020;2,4;P
22/11/2020;0,0;P
23/11/2020;0,0;P
24/11/2020;0,0;P
25/11/2020;0,2;P
26/11/2020;0,0;P
27/11/2020;0,2;P
28/11/2020;0,0;P
29/11/2020;0,0;P
30/11/2020;0,0;P
01/12/2020;0,0;P
02/12/2020;3,8;P
03/12/2020;14,4;P
04/12/2020;0,2;P
05/12/2020;42,6;P
06/12/2020;19,4;P
07/12/2020;15,2;P
08/12/2020;15,2;P
09/12/2020;17,4;P
10/12/2020;7,2;P
11/12/2020;1,4;P
12/12/2020;0,2;P
13/12/2020;1,8;P
14/12/2020;0,2;P
15/12/2020;0,2;P
16/12/2020;1,0;P
17/12/2020;1,8;P
18/12/2020;0,0;P
19/12/2020;0,2;P
20/12/2020;0,2;P
21/12/2020;0,2;P
22/12/2020;0,8;P
23/12/2020;2,4;P
24/12/2020;5,6;P
25/12/2020;4,0;P
26/12/2020;11,2;P
27/12/2020;0,4;P
28/12/2020;4,2;P
29/12/2020;35,4;P
30/12/2020;7,4;P
31/12/2020;3,6;P
01/01/2021;13,6;P
02/01/2021;12,0;P
03/01/2021;8,4;P
04/01/2021;3,4;P
05/01/2021;5,4;P
06/01/2021;16,4;P
07/01/2021;4,4;P
08/01/2021;0,2;P
09/01/2021;0,0;P
10/01/2021;0,4;P
11/01/2021;0,2;P
12/01/2021;0,0;P
13/01/2021;0,0;P
14/01/2021;0,2;P
15/01/2021;0,0;P
16/01/2021;0,0;P
17/01/2021;0,0;P
18/01/2021;0,0;P
19/01/2021;0,0;P
20/01/2021;1,6;P
21/01/2021;0,2;P
22/01/2021;9,2;P
23/01/2021;20,8;P
24/01/2021;23,6;P
25/01/2021;3,6;P
26/01/2021;1,2;P
27/01/2021;0,2;P
28/01/2021;0,0;P
29/01/2021;2,4;P
30/01/2021;3,8;P
31/01/2021;16,8;P
01/02/2021;1,0;P
02/02/2021;4,4;P
03/02/2021;2,6;P
04/02/2021;0,4;P
05/02/2021;0,0;P
06/02/2021;0,2;P
07/02/2021;1,4;P
08/02/2021;27,0;P
09/02/2021;22,8;P
10/02/2021;13,6;P
11/02/2021;1,2;P
12/02/2021;0,0;P
13/02/2021;0,0;P
14/02/2021;0,0;P
15/02/2021;0,0;P
16/02/2021;0,0;P
17/02/2021;3,8;P
18/02/2021;0,4;P
19/02/2021;0,0;P
20/02/2021;0,0;P
21/02/2021;0,2;P
22/02/2021;0,2;P
23/02/2021;0,0;P
24/02/2021;0,2;P
25/02/2021;0,0;P
26/02/2021;0,0;P
27/02/2021;0,0;P
28/02/2021;0,0;P
01/03/2021;0,0;P
02/03/2021;0,0;P
03/03/2021;0,0;P
04/03/2021;0,0;P
05/03/2021;0,0;P
06/03/2021;2,0;P
07/03/2021;0,0;P
08/03/2021;0,0;P
09/03/2021;0,0;P
10/03/2021;0,0;P
11/03/2021;0,0;P
12/03/2021;0,0;P
13/03/2021;0,0;P
14/03/2021;9,2;P
15/03/2021;3,4;P
16/03/2021;0,2;P
17/03/2021;0,0;P
18/03/2021;0,0;P
19/03/2021;0,0;P
20/03/2021;0,0;P
21/03/2021;0,0;P
22/03/2021;0,0;P
23/03/2021;0,0;P
24/03/2021;0,0;P
25/03/2021;0,0;P
26/03/2021;0,0;P
27/03/2021;0,0;P
28/03/2021;0,0;P
29/03/2021;0,0;P
30/03/2021;0,0;P
31/03/2021;0,0;P
01/04/2021;0,0;P
02/04/2021;0,0;P
03/04/2021;0,0;P
04/04/2021;0,0;P
05/04/2021;0,0;P
06/04/2021;0,4;P
07/04/2021;9,0;P
08/04/2021;0,0;P
09/04/2021;0,0;P
10/04/2021;0,0;P
11/04/2021;11,2;P
12/04/2021;7,6;P
13/04/2021;20,6;P
14/04/2021;0,0;P
15/04/2021;0,0;P
16/04/2021;0,2;P
17/04/2021;0,0;P
18/04/2021;0,0;P
19/04/2021;0,0;P
20/04/2021;0,0;P
21/04/2021;0,4;P
22/04/2021;0,4;P
23/04/2021;0,0;P
24/04/2021;0,0;P
25/04/2021;0,0;P
26/04/2021;0,0;P
27/04/2021;7,4;P
28/04/2021;3,0;P
29/04/2021;3,8;P
30/04/2021;27,0;P
01/05/2021;1,0;P
02/05/2021;13,6;P
03/05/2021;0,0;P
04/05/2021;0,0;P
05/05/2021;0,0;P
06/05/2021;0,0;P
07/05/2021;0,0;P
08/05/2021;0,0;P
09/05/2021;0,0;P
10/05/2021;0,0;P
11/05/2021;0,0;P
12/05/2021;23,4;P
13/05/2021;4,8;P
14/05/2021;3,8;P
15/05/2021;2,4;P
16/05/2021;0,6;P
17/05/2021;5,2;P
18/05/2021;0,0;P
19/05/2021;9,0;P
20/05/2021;6,0;P
21/05/2021;1,6;P
22/05/2021;0,2;P
23/05/2021;0,8;P
24/05/2021;8,6;P
25/05/2021;4,6;P
26/05/2021;0,0;P
27/05/2021;0,2;P
28/05/2021;0,0;P
29/05/2021;0,0;P
30/05/2021;0,0;P
31/05/2021;0,0;P
01/06/2021;0,0;P
02/06/2021;0,0;P
03/06/2021;0,0;P
04/06/2021;0,0;P
05/06/2021;0,0;P
06/06/2021;0,0;P
07/06/2021;15,6;P
08/06/2021;3,4;P
09/06/2021;9,2;P
10/06/2021;0,0;P
11/06/2021;0,2;P
12/06/2021;0,0;P
13/06/2021;0,0;P
14/06/2021;0,2;P
15/06/2021;0,0;P
16/06/2021;0,0;P
17/06/2021;0,0;P
18/06/2021;0,0;P
19/06/2021;0,0;P
20/06/2021;0,0;P
21/06/2021;0,0;P
22/06/2021;0,0;P
23/06/2021;0,0;P
24/06/2021;0,0;P
25/06/2021;0,0;P
26/06/2021;0,0;P
27/06/2021;0,0;P
28/06/2021;0,0;P
29/06/2021;0,0;P
30/06/2021;0,0;P
01/07/2021;0,0;P
02/07/2021;0,0;P
03/07/2021;0,0;P
04/07/2021;0,0;P
05/07/2021;0,0;P
06/07/2021;0,0;P
07/07/2021;0,0;P
08/07/2021;0,0;P
09/07/2021;0,4;P
10/07/2021;0,0;P
11/07/2021;0,0;P
12/07/2021;0,0;P
13/07/2021;0,0;P
14/07/2021;22,2;P
15/07/2021;0,0;P
16/07/2021;1,0;P
17/07/2021;0,2;P
18/07/2021;0,4;P
19/07/2021;0,0;P
20/07/2021;0,0;P
21/07/2021;0,0;P
22/07/2021;0,0;P
23/07/2021;0,0;P
24/07/2021;0,0;P
25/07/2021;0,0;P
26/07/2021;0,4;P
27/07/2021;0,4;P
28/07/2021;6,2;P
29/07/2021;0,0;P
30/07/2021;0,0;P
31/07/2021;0,0;P
01/08/2021;10,2;P
02/08/2021;2,2;P
03/08/2021;0,0;P
04/08/2021;0,0;P
05/08/2021;0,2;P
06/08/2021;0,0;P
07/08/2021;0,0;P
08/08/2021;0,0;P
09/08/2021;0,0;P
10/08/2021;0,0;P
11/08/2021;0,0;P
12/08/2021;0,0;P
13/08/2021;0,0;P
14/08/2021;0,0;P
15/08/2021;0,0;P
16/08/2021;0,0;P
17/08/2021;0,0;P
18/08/2021;0,0;P
19/08/2021;0,0;P
20/08/2021;0,0;P
21/08/2021;0,0;P
22/08/2021;0,0;P
23/08/2021;0,0;P
24/08/2021;0,0;P
25/08/2021;0,0;P
26/08/2021;0,0;P
27/08/2021;0,4;P
28/08/2021;7,2;P
29/08/2021;3,0;P
30/08/2021;0,0;P
31/08/2021;0,0;P
01/09/2021;1,0;P
02/09/2021;0,0;P
03/09/2021;0,0;P
04/09/2021;0,0;P
05/09/2021;1,8;P
06/09/2021;0,0;P
07/09/2021;0,0;P
08/09/2021;0,0;P
09/09/2021;0,0;P
10/09/2021;0,0;P
11/09/2021;0,0;P
12/09/2021;0,0;P
13/09/2021;0,0;P
14/09/2021;0,0;P
15/09/2021;0,0;P
16/09/2021;0,0;P
17/09/2021;10,0;P
18/09/2021;2,0;P
19/09/2021;0,2;P
20/09/2021;11,8;P
21/09/2021;4,4;P
22/09/2021;0,2;P
23/09/2021;0,0;P
24/09/2021;0,2;P
25/09/2021;0,2;P
26/09/2021;0,0;P
27/09/2021;28,6;P
28/09/2021;0,2;P
29/09/2021;0,0;P
30/09/2021;0,2;P
01/10/2021;0,0;P
02/10/2021;0,2;P
03/10/2021;0,2;P
04/10/2021;0,2;P
05/10/2021;15,6;P
06/10/2021;6,0;P
07/10/2021;13,4;P
08/10/2021;10,0;P
09/10/2021;0,2;P
10/10/2021;0,0;P
11/10/2021;0,0;P
12/10/2021;0,0;P
13/10/2021;0,0;P
14/10/2021;0,2;P
15/10/2021;0,0;P
16/10/2021;0,0;P
17/10/2021;0,0;P
18/10/2021;0,2;P
19/10/2021;0,2;P
20/10/2021;0,0;P
21/10/2021;0,0;P
22/10/2021;0,8;P
23/10/2021;0,4;P
24/10/2021;0,0;P
25/10/2021;0,0;P
26/10/2021;0,0;P
27/10/2021;0,0;P
28/10/2021;0,0;P
29/10/2021;0,0;P
30/10/2021;0,2;P
31/10/2021;0,2;P
01/11/2021;3,4;P
02/11/2021;22,8;P
03/11/2021;0,8;P
04/11/2021;11,2;P
05/11/2021;0,4;P
06/11/2021;0,2;P
07/11/2021;8,2;P
08/11/2021;6,8;P
09/11/2021;0,4;P
10/11/2021;0,2;P
11/11/2021;0,0;P
12/11/2021;0,0;P
13/11/2021;0,2;P
14/11/2021;20,2;P
15/11/2021;5,0;P
16/11/2021;0,2;P
17/11/2021;8,8;P
18/11/2021;0,0;P
19/11/2021;0,2;P
20/11/2021;0,4;P
21/11/2021;0,0;P
22/11/2021;8,4;P
23/11/2021;0,0;P
24/11/2021;0,0;P
25/11/2021;5,0;P
26/11/2021;4,8;P
27/11/2021;2,8;P
28/11/2021;10,6;P
29/11/2021;2,4;P
30/11/2021;1,6;P
01/12/2021;0,0;P
02/12/2021;23,2;P
03/12/2021;26,2;P
04/12/2021;0,0;P
05/12/2021;37,8;P
06/12/2021;0,4;P
07/12/2021;0,0;P
08/12/2021;0,2;P
09/12/2021;28,8;P
10/12/2021;1,8;P
11/12/2021;3,8;P
12/12/2021;0,0;P
13/12/2021;0,2;P
14/12/2021;0,0;P
15/12/2021;0,2;P
16/12/2021;0,2;P
17/12/2021;0,0;P
18/12/2021;0,0;P
19/12/2021;0,0;P
20/12/2021;0,0;P
21/12/2021;0,0;P
22/12/2021;0,8;P
23/12/2021;0,0;P
24/12/2021;8,6;P
25/12/2021;16,8;P
26/12/2021;27,2;P
27/12/2021;11,6;P
28/12/2021;13,2;P
29/12/2021;1,8;P
30/12/2021;0,2;P
31/12/2021;0,4;P
01/01/2022;0,2;P
02/01/2022;0,0;P
03/01/2022;0,2;P
04/01/2022;0,2;P
05/01/2022;0,6;P
06/01/2022;30,6;P
07/01/2022;0,0;P
08/01/2022;0,0;P
09/01/2022;0,2;P
10/01/2022;3,0;P
11/01/2022;0,0;P
12/01/2022;0,0;P
13/01/2022;0,0;P
14/01/2022;0,0;P
15/01/2022;0,0;P
16/01/2022;0,2;P
17/01/2022;0,0;P
18/01/2022;0,2;P
19/01/2022;0,0;P
20/01/2022;5,4;P
21/01/2022;0,4;P
22/01/2022;0,2;P
23/01/2022;0,0;P
24/01/2022;0,0;P
25/01/2022;0,4;P
26/01/2022;0,0;P
27/01/2022;0,0;P
28/01/2022;0,0;P
29/01/2022;0,0;P
30/01/2022;0,0;P
31/01/2022;0,0;P
01/02/2022;0,2;P
02/02/2022;0,0;P
03/02/2022;0,2;P
04/02/2022;0,0;P
05/02/2022;3,8;P
06/02/2022;0,4;P
07/02/2022;0,4;P
08/02/2022;0,0;P
09/02/2022;0,0;P
10/02/2022;0,0;P
11/02/2022;0,2;P
12/02/2022;0,0;P
13/02/2022;0,0;P
14/02/2022;0,6;P
15/02/2022;13,8;P
16/02/2022;6,6;P
17/02/2022;0,2;P
18/02/2022;0,2;P
19/02/2022;0,0;P
20/02/2022;0,8;P
21/02/2022;0,0;P
22/02/2022;13,8;P
23/02/2022;0,0;P
24/02/2022;0,0;P
25/02/2022;0,0;P
26/02/2022;12,0;P
27/02/2022;0,0;P
28/02/2022;0,0;P
01/03/2022;0,0;P
02/03/2022;0,0;P
03/03/2022;0,0;P
04/03/2022;3,6;P
05/03/2022;0,0;P
06/03/2022;0,0;P
07/03/2022;0,0;P
08/03/2022;0,0;P
09/03/2022;0,0;P
10/03/2022;0,0;P
11/03/2022;0,0;P
12/03/2022;0,0;P
13/03/2022;0,0;P
14/03/2022;0,0;P
15/03/2022;0,0;P
16/03/2022;0,0;P
17/03/2022;0,0;P
18/03/2022;0,0;P
19/03/2022;0,0;P
20/03/2022;0,0;P
21/03/2022;0,0;P
22/03/2022;0,0;P
23/03/2022;0,0;P
24/03/2022;0,0;P
25/03/2022;0,0;P
26/03/2022;0,0;P
27/03/2022;0,0;P
28/03/2022;0,0;P
29/03/2022;0,0;P
30/03/2022;0,2;P
31/03/2022;54,6;P
01/04/2022;19,2;P
02/04/2022;5,2;P
03/04/2022;5,0;P
04/04/2022;3,2;P
05/04/2022;0,2;P
06/04/2022;0,0;P
07/04/2022;3,0;P
08/04/2022;0,4;P
09/04/2022;0,0;P
10/04/2022;3,6;P
11/04/2022;0,2;P
12/04/2022;0,0;P
13/04/2022;0,0;P
14/04/2022;0,0;P
15/04/2022;0,0;P
16/04/2022;0,0;P
17/04/2022;0,0;P
18/04/2022;0,0;P
19/04/2022;0,0;P
20/04/2022;0,0;P
21/04/2022;4,8;P
22/04/2022;28,0;P
23/04/2022;1,0;P
24/04/2022;16,4;P
25/04/2022;18,6;P
26/04/2022;0,0;P
27/04/2022;0,0;P
28/04/2022;0,0;P
29/04/2022;0,0;P
30/04/2022;0,0;P
01/05/2022;0,0;P
02/05/2022;6,4;P
03/05/2022;0,0;P
04/05/2022;0,0;P
05/05/2022;0,0;P
06/05/2022;13,6;P
07/05/2022;1,8;P
08/05/2022;0,0;P
09/05/2022;0,2;P
10/05/2022;0,2;P
11/05/2022;0,0;P
12/05/2022;0,0;P
13/05/2022;0,0;P
14/05/2022;0,0;P
15/05/2022;0,0;P
16/05/2022;0,0;P
17/05/2022;0,0;P
18/05/2022;0,0;P
19/05/2022;0,0;P
20/05/2022;0,0;P
21/05/2022;0,0;P
22/05/2022;0,0;P
23/05/2022;0,0;P
24/05/2022;0,0;P
25/05/2022;0,0;P
26/05/2022;0,0;P
27/05/2022;0,0;P
28/05/2022;0,0;P
29/05/2022;10,0;P
30/05/2022;0,4;P
31/05/2022;0,0;P
01/06/2022;0,0;P
02/06/2022;0,0;P
03/06/2022;0,0;P
04/06/2022;0,0;P
05/06/2022;0,0;P
06/06/2022;0,0;P
07/06/2022;0,0;P
08/06/2022;1,0;P
09/06/2022;1,6;P
10/06/2022;0,0;P
11/06/2022;0,0;P
12/06/2022;0,0;P
13/06/2022;0,0;P
14/06/2022;0,0;P
15/06/2022;0,0;P
16/06/2022;0,0;P
17/06/2022;0,0;P
18/06/2022;0,0;P
19/06/2022;0,0;P
20/06/2022;0,0;P
21/06/2022;0,0;P
22/06/2022;0,0;P
23/06/2022;0,0;P
24/06/2022;0,0;P
25/06/2022;0,0;P
26/06/2022;0,0;P
27/06/2022;0,0;P
28/06/2022;0,0;P
29/06/2022;1,8;P
30/06/2022;0,0;P
01/07/2022;0,0;P
02/07/2022;0,0;P
03/07/2022;0,0;P
04/07/2022;0,0;P
05/07/2022;0,0;P
06/07/2022;0,0;P
07/07/2022;0,0;P
08/07/2022;13,0;P
09/07/2022;0,0;P
10/07/2022;0,0;P
11/07/2022;0,0;P
12/07/2022;0,0;P
13/07/2022;0,0;P
14/07/2022;0,0;P
15/07/2022;0,0;P
16/07/2022;0,0;P
17/07/2022;0,0;P
18/07/2022;0,0;P
19/07/2022;0,0;P
20/07/2022;0,0;P
21/07/2022;0,0;P
22/07/2022;0,0;P
23/07/2022;0,0;P
24/07/2022;0,0;P
25/07/2022;0,0;P
26/07/2022;0,0;P
27/07/2022;0,0;P
28/07/2022;0,0;P
29/07/2022;12,6;P
30/07/2022;0,0;P
31/07/2022;0,0;P
01/08/2022;0,0;P
02/08/2022;0,0;P
03/08/2022;1,6;P
04/08/2022;0,0;P
05/08/2022;0,0;P
06/08/2022;0,0;P
07/08/2022;0,0;P
08/08/2022;0,0;P
09/08/2022;0,0;P
10/08/2022;0,0;P
11/08/2022;0,0;P
12/08/2022;0,0;P
13/08/2022;6,8;P
14/08/2022;0,0;P
15/08/2022;0,0;P
16/08/2022;0,0;P
17/08/2022;0,0;P
18/08/2022;0,2;P
19/08/2022;45,2;P
20/08/2022;3,4;P
21/08/2022;0,0;P
22/08/2022;3,2;P
23/08/2022;0,0;P
24/08/2022;0,0;P
25/08/2022;0,0;P
26/08/2022;0,0;P
27/08/2022;0,0;P
28/08/2022;0,0;P
29/08/2022;3,8;P
30/08/2022;10,6;P
31/08/2022;0,0;P
01/09/2022;0,4;P
02/09/2022;0,0;P
03/09/2022;0,0;P
04/09/2022;5,4;P
05/09/2022;3,0;P
06/09/2022;0,0;P
07/09/2022;0,0;P
08/09/2022;0,2;P
09/09/2022;0,0;P
10/09/2022;0,0;P
11/09/2022;0,0;P
12/09/2022;0,0;P
13/09/2022;0,0;P
14/09/2022;0,0;P
15/09/2022;1,2;P
16/09/2022;0,2;P
17/09/2022;11,8;P
18/09/2022;16,6;P
19/09/2022;0,0;P
20/09/2022;0,0;P
21/09/2022;0,0;P
22/09/2022;0,0;P
23/09/2022;0,0;P
24/09/2022;0,0;P
25/09/2022;39,4;P
26/09/2022;0,6;P
27/09/2022;0,0;P
28/09/2022;1,0;P
29/09/2022;6,4;P
30/09/2022;30,4;P
01/10/2022;24,6;P
02/10/2022;0,0;P
03/10/2022;0,0;P
04/10/2022;0,2;P
05/10/2022;0,2;P
06/10/2022;0,4;P
07/10/2022;0,2;P
08/10/2022;0,2;P
09/10/2022;0,2;P
10/10/2022;2,2;P
11/10/2022;0,4;P
12/10/2022;0,2;P
13/10/2022;0,0;P
14/10/2022;0,2;P
15/10/2022;0,0;P
16/10/2022;0,2;P
17/10/2022;0,2;P
18/10/2022;0,4;P
19/10/2022;0,2;P
20/10/2022;0,2;P
21/10/2022;0,2;P
22/10/2022;0,0;P
23/10/2022;0,0;P
24/10/2022;0,0;P
25/10/2022;0,0;P
26/10/2022;0,0;P
27/10/2022;0,4;P
28/10/2022;0,2;P
29/10/2022;0,2;P
30/10/2022;0,2;P
31/10/2022;0,2;P
01/11/2022;0,2;P
02/11/2022;0,2;P
03/11/2022;0,0;P
04/11/2022;16,8;P
05/11/2022;0,0;P
06/11/2022;0,2;P
07/11/2022;0,0;P
08/11/2022;0,2;P
09/11/2022;0,0;P
10/11/2022;3,8;P
11/11/2022;4,8;P
12/11/2022;0,0;P
13/11/2022;0,0;P
14/11/2022;0,4;P
15/11/2022;0,2;P
16/11/2022;10,2;P
17/11/2022;6,8;P
18/11/2022;4,4;P
19/11/2022;7,6;P
20/11/2022;4,0;P
21/11/2022;0,2;P
22/11/2022;33,0;P
23/11/2022;12,2;P
24/11/2022;0,2;P
25/11/2022;0,2;P
26/11/2022;3,0;P
27/11/2022;0,0;P
28/11/2022;0,2;P
29/11/2022;0,2;P
30/11/2022;0,0;P
01/12/2022;0,0;P
02/12/2022;0,0;P
03/12/2022;3,0;P
04/12/2022;6,0;P
05/12/2022;49,0;P
06/12/2022;10,0;P
07/12/2022;8,8;P
08/12/2022;1,0;P
09/12/2022;23,0;P
10/12/2022;22,2;P
11/12/2022;17,4;P
12/12/2022;1,0;P
13/12/2022;0,4;P
14/12/2022;0,0;P
15/12/2022;2,8;P
16/12/2022;37,2;P
17/12/2022;10,8;P
18/12/2022;0,2;P
19/12/2022;0,0;P
20/12/2022;3,2;P
21/12/2022;0,8;P
22/12/2022;1,6;P
23/12/2022;0,8;P
24/12/2022;1,2;P
25/12/2022;0,2;P
26/12/2022;0,0;P
27/12/2022;0,0;P
28/12/2022;0,0;P
29/12/2022;2,0;P
30/12/2022;0,2;P
31/12/2022;5,8;P
01/01/2023;0,2;P
02/01/2023;0,0;P
03/01/2023;0,0;P
04/01/2023;0,0;P
05/01/2023;0,2;P
06/01/2023;0,0;P
07/01/2023;0,0;P
08/01/2023;3,0;P
09/01/2023;44,2;P
10/01/2023;2,2;P
11/01/2023;0,0;P
12/01/2023;2,4;P
13/01/2023;0,0;P
14/01/2023;0,0;P
15/01/2023;0,2;P
16/01/2023;4,0;P
17/01/2023;21,2;P
18/01/2023;21,6;P
19/01/2023;18,6;P
20/01/2023;0,6;P
21/01/2023;0,6;P
22/01/2023;6,6;P
23/01/2023;8,2;P
24/01/2023;7,6;P
25/01/2023;0,4;P
26/01/2023;0,2;P
27/01/2023;0,0;P
28/01/2023;0,0;P
29/01/2023;0,0;P
30/01/2023;0,0;P
31/01/2023;0,0;P
01/02/2023;0,2;P
02/02/2023;0,0;P
03/02/2023;0,0;P
04/02/2023;0,0;P
05/02/2023;0,0;P
06/02/2023;0,0;P
07/02/2023;0,0;P
08/02/2023;0,0;P
09/02/2023;0,0;P
10/02/2023;0,0;P
11/02/2023;0,0;P
12/02/2023;0,0;P
13/02/2023;0,0;P
14/02/2023;0,0;P
15/02/2023;0,0;P
16/02/2023;0,2;P
17/02/2023;0,0;P
18/02/2023;0,0;P
19/02/2023;0,0;P
20/02/2023;0,0;P
21/02/2023;0,0;P
22/02/2023;0,0;P
23/02/2023;0,0;P
24/02/2023;0,0;P
25/02/2023;0,0;P
26/02/2023;24,8;P
27/02/2023;5,4;P
28/02/2023;0,0;P
01/03/2023;0,4;P
02/03/2023;6,4;P
03/03/2023;0,0;P
04/03/2023;0,0;P
05/03/2023;0,0;P
06/03/2023;2,6;P
07/03/2023;3,0;P
08/03/2023;2,0;P
09/03/2023;0,4;P
10/03/2023;5,0;P
11/03/2023;0,4;P
12/03/2023;0,0;P
13/03/2023;0,0;P
14/03/2023;0,2;P
15/03/2023;5,8;P
16/03/2023;0,2;P
17/03/2023;0,0;P
18/03/2023;0,0;P
19/03/2023;0,0;P
20/03/2023;23,0;P
21/03/2023;0,0;P
22/03/2023;0,0;P
23/03/2023;0,0;P
24/03/2023;0,0;P
25/03/2023;0,0;P
26/03/2023;0,0;P
27/03/2023;10,4;P
28/03/2023;0,0;P
29/03/2023;0,0;P
30/03/2023;0,8;P
31/03/2023;0,0;P
01/04/2023;19,8;P
02/04/2023;0,0;P
03/04/2023;0,0;P
04/04/2023;0,0;P
05/04/2023;0,0;P
06/04/2023;0,0;P
07/04/2023;0,0;P
08/04/2023;4,6;P
09/04/2023;0,8;P
10/04/2023;0,0;P
11/04/2023;0,0;P
12/04/2023;0,4;P
13/04/2023;0,2;P
14/04/2023;3,2;P
15/04/2023;6,6;P
16/04/2023;0,0;P
17/04/2023;0,0;P
18/04/2023;0,0;P
19/04/2023;0,0;P
20/04/2023;1,0;P
21/04/2023;0,2;P
22/04/2023;9,2;P
23/04/2023;0,0;P
24/04/2023;2,4;P
25/04/2023;1,0;P
26/04/2023;7,0;P
27/04/2023;0,0;P
28/04/2023;0,0;P
29/04/2023;0,0;P
30/04/2023;0,0;P
01/05/2023;0,0;P
02/05/2023;12,4;P
03/05/2023;0,0;P
04/05/2023;0,0;P
05/05/2023;0,0;P
06/05/2023;0,0;P
07/05/2023;0,0;P
08/05/2023;0,0;P
09/05/2023;0,0;P
10/05/2023;10,0;P
11/05/2023;29,6;P
12/05/2023;6,8;P
13/05/2023;10,8;P
14/05/2023;5,8;P
15/05/2023;5,6;P
16/05/2023;18,2;P
17/05/2023;34,2;P
18/05/2023;0,8;P
19/05/2023;8,0;P
20/05/2023;9,0;P
21/05/2023;1,8;P
22/05/2023;0,0;P
23/05/2023;0,2;P
24/05/2023;1,0;P
25/05/2023;0,2;P
26/05/2023;0,0;P
27/05/2023;0,0;P
28/05/2023;0,0;P
29/05/2023;0,0;P
30/05/2023;0,0;P
31/05/2023;0,0;P
01/06/2023;0,0;P
02/06/2023;7,6;P
03/06/2023;6,0;P
04/06/2023;6,4;P
05/06/2023;15,6;P
06/06/2023;3,4;P
07/06/2023;14,6;P
08/06/2023;1,2;P
09/06/2023;0,2;P
10/06/2023;0,2;P
11/06/2023;9,4;P
12/06/2023;0,0;P
13/06/2023;0,0;P
14/06/2023;26,2;P
15/06/2023;1,8;P
16/06/2023;0,0;P
17/06/2023;8,8;P
18/06/2023;0,0;P
19/06/2023;0,0;P
20/06/2023;0,0;P
21/06/2023;0,0;P
22/06/2023;0,0;P
23/06/2023;0,0;P
24/06/2023;8,0;P
25/06/2023;0,0;P
26/06/2023;0,0;P
27/06/2023;0,0;P
28/06/2023;0,0;P
29/06/2023;0,0;P
30/06/2023;0,0;P
01/07/2023;5,4;P
02/07/2023;0,8;P
03/07/2023;0,0;P
04/07/2023;0,0;P
05/07/2023;0,0;P
06/07/2023;0,0;P
07/07/2023;0,0;P
08/07/2023;0,0;P
09/07/2023;0,0;P
10/07/2023;0,0;P
11/07/2023;0,0;P
12/07/2023;0,0;P
13/07/2023;0,0;P
14/07/2023;0,8;P
15/07/2023;0,0;P
16/07/2023;0,0;P
17/07/2023;0,0;P
18/07/2023;0,0;P
19/07/2023;0,0;P
20/07/2023;0,0;P
21/07/2023;0,0;P
22/07/2023;0,0;P
23/07/2023;0,0;P
24/07/2023;0,0;P
25/07/2023;4,0;P
26/07/2023;0,0;P
27/07/2023;0,0;P
28/07/2023;0,0;P
29/07/2023;0,0;P
30/07/2023;0,0;P
31/07/2023;0,0;P
01/08/2023;0,0;P
02/08/2023;0,0;P
03/08/2023;0,0;P
04/08/2023;0,2;P
05/08/2023;7,2;P
06/08/2023;5,2;P
07/08/2023;0,2;P
08/08/2023;0,0;P
09/08/2023;0,0;P
10/08/2023;0,0;P
11/08/2023;0,0;P
12/08/2023;0,0;P
13/08/2023;0,0;P
14/08/2023;0,0;P
15/08/2023;0,0;P
16/08/2023;0,0;P
17/08/2023;0,0;P
18/08/2023;0,4;P
19/08/2023;0,0;P
20/08/2023;0,0;P
21/08/2023;0,0;P
22/08/2023;0,0;P
23/08/2023;0,0;P
24/08/2023;0,0;P
25/08/2023;0,0;P
26/08/2023;0,0;P
27/08/2023;0,0;P
28/08/2023;7,6;P
29/08/2023;4,4;P
30/08/2023;0,6;P
31/08/2023;0,0;P
01/09/2023;0,0;P
02/09/2023;0,0;P
03/09/2023;0,2;P
04/09/2023;0,0;P
05/09/2023;0,0;P
06/09/2023;0,0;P
07/09/2023;0,0;P
08/09/2023;0,0;P
09/09/2023;0,0;P
10/09/2023;0,0;P
11/09/2023;0,0;P
12/09/2023;0,0;P
13/09/2023;0,2;P
14/09/2023;0,0;P
15/09/2023;9,4;P
16/09/2023;2,4;P
17/09/2023;0,0;P
18/09/2023;0,0;P
19/09/2023;0,0;P
20/09/2023;0,0;P
21/09/2023;0,0;P
22/09/2023;0,0;P
23/09/2023;4,0;P
24/09/2023;0,0;P
25/09/2023;0,0;P
26/09/2023;0,0;P
27/09/2023;0,0;P
28/09/2023;0,0;P
29/09/2023;0,0;P
30/09/2023;0,0;P
01/10/2023;0,0;P
02/10/2023;0,0;P
03/10/2023;0,0;P
04/10/2023;0,0;P
05/10/2023;0,0;P
06/10/2023;0,0;P
07/10/2023;0,0;P
08/10/2023;0,0;P
09/10/2023;0,0;P
10/10/2023;0,2;P
11/10/2023;0,0;P
12/10/2023;0,0;P
13/10/2023;0,0;P
14/10/2023;0,2;P
15/10/2023;19,2;P
16/10/2023;0,0;P
17/10/2023;0,0;P
18/10/2023;0,2;P
19/10/2023;9,4;P
20/10/2023;5,6;P
21/10/2023;18,8;P
22/10/2023;4,6;P
23/10/2023;0,2;P
24/10/2023;1,0;P
25/10/2023;25,6;P
26/10/2023;13,0;P
27/10/2023;10,6;P
28/10/2023;0,6;P
29/10/2023;0,0;P
30/10/2023;12,2;P
31/10/2023;20,0;P
01/11/2023;0,0;P
02/11/2023;1,2;P
03/11/2023;142,6;P
04/11/2023;2,2;P
05/11/2023;32,2;P
06/11/2023;0,8;P
07/11/2023;5,4;P
08/11/2023;0,2;P
09/11/2023;0,2;P
10/11/2023;10,4;P
11/11/2023;27,4;P
12/11/2023;0,0;P
13/11/2023;0,2;P
14/11/2023;1,8;P
15/11/2023;2,2;P
16/11/2023;0,2;P
17/11/2023;1,2;P
18/11/2023;0,2;P
19/11/2023;0,0;P
20/11/2023;0,0;P
21/11/2023;2,4;P
22/11/2023;2,2;P
23/11/2023;0,0;P
24/11/2023;0,0;P
25/11/2023;0,0;P
26/11/2023;0,0;P
27/11/2023;0,8;P
28/11/2023;5,0;P
29/11/2023;0,2;P
30/11/2023;11,8;P
01/12/2023;19,0;P
02/12/2023;19,8;P
03/12/2023;4,0;P
04/12/2023;0,0;P
05/12/2023;22,0;P
06/12/2023;0,2;P
07/12/2023;0,2;P
08/12/2023;0,2;P
09/12/2023;1,6;P
10/12/2023;5,2;P
11/12/2023;1,2;P
12/12/2023;8,6;P
13/12/2023;15,6;P
14/12/2023;6,4;P
15/12/2023;0,2;P
16/12/2023;0,0;P
17/12/2023;0,0;P
18/12/2023;0,0;P
19/12/2023;0,0;P
20/12/2023;0,0;P
21/12/2023;0,2;P
22/12/2023;0,2;P
23/12/2023;0,0;P
24/12/2023;0,0;P
25/12/2023;0,0;P
26/12/2023;0,0;P
27/12/2023;0,0;P
28/12/2023;0,0;P
29/12/2023;0,8;P
30/12/2023;0,8;P
31/12/2023;3,6;P
01/01/2024;1,4;P
02/01/2024;0,2;P
03/01/2024;2,4;P
04/01/2024;0,6;P
05/01/2024;0,0;P
06/01/2024;20,2;P
07/01/2024;13,6;P
08/01/2024;1,6;P
09/01/2024;0,2;P
10/01/2024;0,0;P
11/01/2024;0,0;P
12/01/2024;0,0;P
13/01/2024;0,0;P
14/01/2024;0,0;P
15/01/2024;1,2;P
16/01/2024;0,0;P
17/01/2024;0,2;P
18/01/2024;15,8;P
19/01/2024;0,4;P
20/01/2024;0,2;P
21/01/2024;0,0;P
22/01/2024;0,0;P
23/01/2024;5,0;P
24/01/2024;0,6;P
25/01/2024;0,2;P
26/01/2024;0,0;P
27/01/2024;0,2;P
28/01/2024;0,0;P
29/01/2024;0,0;P
30/01/2024;0,0;P
31/01/2024;0,0;P
01/02/2024;0,0;P
02/02/2024;0,2;P
03/02/2024;0,2;P
04/02/2024;0,0;P
05/02/2024;0,0;P
06/02/2024;0,0;P
07/02/2024;0,0;P
08/02/2024;0,0;P
09/02/2024;0,0;P
10/02/2024;5,6;P
11/02/2024;23,4;P
12/02/2024;0,4;P
13/02/2024;0,2;P
14/02/2024;0,0;P
15/02/2024;0,2;P
16/02/2024;0,0;P
17/02/2024;0,2;P
18/02/2024;0,0;P
19/02/2024;0,0;P
20/02/2024;0,0;P
21/02/2024;0,0;P
22/02/2024;0,0;P
23/02/2024;0,2;P
24/02/2024;12,6;P
25/02/2024;8,8;P
26/02/2024;0,2;P
27/02/2024;39,0;P
28/02/2024;17,2;P
29/02/2024;0,2;P
01/03/2024;0,4;P
02/03/2024;13,4;P
03/03/2024;1,2;P
04/03/2024;5,6;P
05/03/2024;0,2;P
06/03/2024;1,0;P
07/03/2024;0,0;P
08/03/2024;0,2;P
09/03/2024;2,0;P
10/03/2024;1,2;P
11/03/2024;12,4;P
12/03/2024;6,8;P
13/03/2024;0,2;P
14/03/2024;0,0;P
15/03/2024;0,2;P
16/03/2024;0,0;P
17/03/2024;0,2;P
18/03/2024;0,0;P
19/03/2024;1,6;P
20/03/2024;0,0;P
21/03/2024;0,2;P
22/03/2024;2,6;P
23/03/2024;0,0;P
24/03/2024;0,0;P
25/03/2024;5,4;P
26/03/2024;2,2;P
27/03/2024;9,4;P
28/03/2024;18,2;P
29/03/2024;1,8;P
30/03/2024;0,0;P
31/03/2024;0,2;P
01/04/2024;1,2;P
02/04/2024;12,8;P
03/04/2024;2,4;P
04/04/2024;0,0;P
05/04/2024;0,0;P
06/04/2024;0,0;P
07/04/2024;0,0;P
08/04/2024;0,0;P
09/04/2024;0,0;P
10/04/2024;2,4;P
11/04/2024;1,0;P
12/04/2024;0,0;P
13/04/2024;0,0;P
14/04/2024;0,0;P
15/04/2024;0,0;P
16/04/2024;0,0;P
17/04/2024;0,0;P
18/04/2024;2,0;P
19/04/2024;5,4;P
20/04/2024;0,0;P
21/04/2024;15,6;P
22/04/2024;3,2;P
23/04/2024;26,6;P
24/04/2024;5,8;P
25/04/2024;0,0;P
26/04/2024;0,0;P
27/04/2024;1,4;P
28/04/2024;2,0;P
29/04/2024;0,0;P
30/04/2024;0,0;P
01/05/2024;16,8;P
02/05/2024;20,6;P
03/05/2024;13,0;P
04/05/2024;0,0;P
05/05/2024;0,0;P
06/05/2024;0,0;P
07/05/2024;0,6;P
08/05/2024;15,0;P
09/05/2024;0,0;P
10/05/2024;0,0;P
11/05/2024;0,0;P
12/05/2024;0,0;P
13/05/2024;0,0;P
14/05/2024;0,0;P
15/05/2024;0,0;P
16/05/2024;0,0;P
17/05/2024;1,2;P
18/05/2024;0,2;P
19/05/2024;0,0;P
20/05/2024;28,8;P
21/05/2024;23,0;P
22/05/2024;0,0;P
23/05/2024;0,0;P
24/05/2024;0,0;P
25/05/2024;0,0;P
26/05/2024;0,8;P
27/05/2024;0,0;P
28/05/2024;0,0;P
29/05/2024;0,0;P
30/05/2024;0,0;P
31/05/2024;4,0;P
01/06/2024;0,0;P
02/06/2024;0,0;P
03/06/2024;0,6;P
04/06/2024;3,2;P
05/06/2024;0,0;P
06/06/2024;0,0;P
07/06/2024;0,0;P
08/06/2024;0,0;P
09/06/2024;0,0;P
10/06/2024;7,8;P
11/06/2024;0,0;P
12/06/2024;0,0;P
13/06/2024;0,0;P
14/06/2024;0,2;P
15/06/2024;0,0;P
16/06/2024;0,0;P
17/06/2024;0,0;P
18/06/2024;0,0;P
19/06/2024;0,0;P
20/06/2024;0,0;P
21/06/2024;0,0;P
22/06/2024;0,0;P
23/06/2024;0,0;P
24/06/2024;23,2;P
25/06/2024;51,2;P
26/06/2024;0,6;P
27/06/2024;0,0;P
28/06/2024;0,0;P
29/06/2024;0,0;P
30/06/2024;0,0;P
01/07/2024;0,0;P
02/07/2024;0,0;P
03/07/2024;0,0;P
04/07/2024;5,0;P
05/07/2024;0,0;P
06/07/2024;0,0;P
07/07/2024;0,0;P
08/07/2024;0,0;P
09/07/2024;0,0;P
10/07/2024;0,0;P
11/07/2024;0,0;P
12/07/2024;0,0;P
13/07/2024;0,0;P
14/07/2024;0,0;P
15/07/2024;0,0;P
16/07/2024;0,0;P
17/07/2024;0,0;P
18/07/2024;0,0;P
19/07/2024;0,0;P
20/07/2024;0,0;P
21/07/2024;0,0;P
22/07/2024;0,0;P
23/07/2024;0,0;P
24/07/2024;0,0;P
25/07/2024;0,0;P
26/07/2024;0,0;P
27/07/2024;0,0;P
28/07/2024;0,0;P
29/07/2024;0,0;P
30/07/2024;0,0;P
31/07/2024;0,0;P
01/08/2024;0,0;P
02/08/2024;0,0;P
03/08/2024;0,0;P
04/08/2024;0,6;P
05/08/2024;0,2;P
06/08/2024;0,0;P
07/08/2024;0,0;P
08/08/2024;0,0;P
09/08/2024;0,0;P
10/08/2024;0,0;P
11/08/2024;0,0;P
12/08/2024;0,0;P
13/08/2024;0,0;P
14/08/2024;1,4;P
15/08/2024;0,0;P
16/08/2024;0,0;P
17/08/2024;0,0;P
18/08/2024;0,4;P
19/08/2024;1,6;P
20/08/2024;0,0;P
21/08/2024;0,0;P
22/08/2024;0,0;P
23/08/2024;0,0;P
24/08/2024;0,0;P
25/08/2024;0,0;P
26/08/2024;0,0;P
27/08/2024;0,0;P
28/08/2024;0,0;P
29/08/2024;0,8;P
30/08/2024;0,0;P
31/08/2024;0,0;P
01/09/2024;0,0;P
02/09/2024;0,0;P
03/09/2024;0,0;P
04/09/2024;0,0;P
05/09/2024;0,4;P
06/09/2024;1,4;P
07/09/2024;0,0;P
08/09/2024;0,0;P
09/09/2024;73,4;P
10/09/2024;0,2;P
11/09/2024;0,0;P
12/09/2024;5,2;P
13/09/2024;8,2;P
14/09/2024;0,0;P
15/09/2024;0,0;P
16/09/2024;0,0;P
17/09/2024;1,8;P
18/09/2024;4,6;P
19/09/2024;19,2;P
20/09/2024;2,8;P
21/09/2024;0,0;P
22/09/2024;0,0;P
23/09/2024;0,0;P
24/09/2024;13,8;P
25/09/2024;0,0;P
26/09/2024;0,2;P
27/09/2024;0,0;P
28/09/2024;4,4;P
29/09/2024;1,6;P
30/09/2024;0,0;P
01/10/2024;3,4;P
02/10/2024;9,8;P
03/10/2024;14,6;P
04/10/2024;58,2;P
05/10/2024;0,0;P
06/10/2024;0,4;P
07/10/2024;0,0;P
08/10/2024;5,6;P
09/10/2024;26,2;P
10/10/2024;1,8;P
11/10/2024;5,8;P
12/10/2024;0,2;P
13/10/2024;0,0;P
14/10/2024;0,0;P
15/10/2024;0,0;P
16/10/2024;0,2;P
17/10/2024;6,4;P
18/10/2024;46,2;P
19/10/2024;1,0;P
20/10/2024;7,6;P
21/10/2024;0,0;P
22/10/2024;0,2;P
23/10/2024;0,6;P
24/10/2024;13,0;P
25/10/2024;7,0;P
26/10/2024;5,8;P
27/10/2024;0,0;P
28/10/2024;0,2;P
29/10/2024;0,4;P
30/10/2024;0,2;P
31/10/2024;0,2;P
01/11/2024;0,2;P
02/11/2024;0,2;P
03/11/2024;0,2;P
04/11/2024;0,2;P
05/11/2024;0,4;P
06/11/2024;0,2;P
07/11/2024;0,0;P
08/11/2024;0,2;P
09/11/2024;0,0;P
10/11/2024;0,0;P
11/11/2024;0,2;P
12/11/2024;0,0;P
13/11/2024;0,0;P
14/11/2024;0,0;P
15/11/2024;0,0;P
16/11/2024;0,0;P
17/11/2024;0,0;P
18/11/2024;5,2;P
19/11/2024;1,2;P
20/11/2024;13,6;P
21/11/2024;13,2;P
22/11/2024;52,0;P
23/11/2024;0,0;P
24/11/2024;0,0;P
25/11/2024;0,0;P
26/11/2024;0,0;P
27/11/2024;0,4;P
28/11/2024;3,6;P
29/11/2024;0,0;P
30/11/2024;0,0;P
01/12/2024;0,0;P
02/12/2024;0,0;P
03/12/2024;0,0;P
04/12/2024;1,6;P
05/12/2024;0,0;P
06/12/2024;0,0;P
07/12/2024;0,2;P
08/12/2024;22,4;P
09/12/2024;6,2;P
10/12/2024;1,6;P
11/12/2024;0,0;P
12/12/2024;0,0;P
13/12/2024;0,2;P
14/12/2024;9,6;P
15/12/2024;0,2;P
16/12/2024;0,2;P
17/12/2024;0,2;P
18/12/2024;0,0;P
19/12/2024;0,6;P
20/12/2024;0,8;P
21/12/2024;2,6;P
22/12/2024;0,2;P
23/12/2024;3,0;P
24/12/2024;0,0;P
25/12/2024;0,0;P
26/12/2024;0,0;P
27/12/2024;0,0;P
28/12/2024;0,0;P
29/12/2024;0,0;P
30/12/2024;0,0;P
31/12/2024;0,0;P
01/01/2025;0,2;P
02/01/2025;0,2;P
03/01/2025;13,6;P
04/01/2025;5,4;P
05/01/2025;2,6;P
06/01/2025;4,2;P
07/01/2025;0,0;P
08/01/2025;1,8;P
09/01/2025;0,8;P
10/01/2025;2,4;P
11/01/2025;0,8;P
12/01/2025;0,0;P
13/01/2025;0,2;P
14/01/2025;0,0;P
15/01/2025;0,0;P
16/01/2025;2,0;P
17/01/2025;0,2;P
18/01/2025;0,2;P
19/01/2025;0,0;P
20/01/2025;0,8;P
21/01/2025;5,4;P
22/01/2025;1,2;P
23/01/2025;8,0;P
24/01/2025;6,2;P
25/01/2025;0,2;P
26/01/2025;0,0;P
27/01/2025;5,6;P
28/01/2025;12,6;P
29/01/2025;31,0;P
30/01/2025;0,2;P
31/01/2025;0,2;P
01/02/2025;40,2;P
02/02/2025;0,0;P
03/02/2025;0,0;P
04/02/2025;0,2;P
05/02/2025;0,0;P
06/02/2025;0,0;P
07/02/2025;0,0;P
08/02/2025;0,0;P
09/02/2025;0,0;P
10/02/2025;0,0;P
11/02/2025;2,6;P
12/02/2025;7,6;P
13/02/2025;3,4;P
14/02/2025;32,0;P
15/02/2025;12,6;P
16/02/2025;0,0;P
17/02/2025;0,0;P
18/02/2025;0,0;P
19/02/2025;0,0;P
20/02/2025;0,2;P
21/02/2025;0,0;P
22/02/2025;0,6;P
23/02/2025;4,6;P
24/02/2025;18,4;P
25/02/2025;4,6;P
26/02/2025;15,4;P
27/02/2025;3,0;P
28/02/2025;0,0;P
01/03/2025;4,4;P
02/03/2025;0,0;P
03/03/2025;0,0;P
04/03/2025;0,0;P
05/03/2025;0,0;P
06/03/2025;0,0;P
07/03/2025;0,0;P
08/03/2025;0,0;P
09/03/2025;0,0;P
10/03/2025;15,8;P
11/03/2025;2,6;P
12/03/2025;15,2;P
13/03/2025;36,6;P
14/03/2025;73,4;P
15/03/2025;108,2;P
16/03/2025;5,2;P
17/03/2025;0,0;P
18/03/2025;1,2;P
19/03/2025;0,0;P
20/03/2025;0,0;P
21/03/2025;0,0;P
22/03/2025;10,0;P
23/03/2025;4,6;P
24/03/2025;0,0;P
25/03/2025;0,2;P
26/03/2025;0,0;P
27/03/2025;1,4;P
28/03/2025;6,8;P
29/03/2025;0,2;P
30/03/2025;0,8;P
31/03/2025;0,4;P
01/04/2025;0,0;P
02/04/2025;0,0;P
03/04/2025;0,0;P
04/04/2025;0,0;P
05/04/2025;0,0;P
06/04/2025;0,0;P
07/04/2025;0,0;P
08/04/2025;0,0;P
09/04/2025;0,0;P
10/04/2025;0,0;P
11/04/2025;0,0;P
12/04/2025;0,0;P
13/04/2025;1,4;P
14/04/2025;16,8;P
15/04/2025;61,2;P
16/04/2025;2,0;P
17/04/2025;9,6;P
18/04/2025;10,8;P
19/04/2025;0,6;P
20/04/2025;0,0;P
21/04/2025;0,2;P
22/04/2025;0,0;P
23/04/2025;0,8;P
24/04/2025;2,6;P
25/04/2025;0,0;P
26/04/2025;0,0;P
27/04/2025;0,0;P
28/04/2025;0,0;P
29/04/2025;0,0;P
30/04/2025;0,0;P
01/05/2025;0,0;P
02/05/2025;0,0;P
03/05/2025;0,0;P
04/05/2025;0,6;P
05/05/2025;2,0;P
06/05/2025;76,0;P
07/05/2025;0,0;P
08/05/2025;2,2;P
09/05/2025;0,0;P
10/05/2025;0,2;P
11/05/2025;0,0;P
12/05/2025;0,2;P
13/05/2025;0,0;P
14/05/2025;0,2;P
15/05/2025;0,2;P
16/05/2025;17,4;P
17/05/2025;0,0;P
18/05/2025;0,0;P
19/05/2025;0,0;P
20/05/2025;0,0;P
21/05/2025;12,0;P
22/05/2025;0,0;P
23/05/2025;5,4;P
24/05/2025;0,0;P
25/05/2025;0,0;P
26/05/2025;0,0;P
27/05/2025;0,2;P
28/05/2025;0,0;P
29/05/2025;0,0;P
30/05/2025;0,0;P
31/05/2025;0,0;P
01/06/2025;0,0;P
02/06/2025;0,0;P
03/06/2025;0,0;P
04/06/2025;0,0;P
05/06/2025;0,0;P
06/06/2025;0,0;P
07/06/2025;0,0;P
08/06/2025;0,0;P
09/06/2025;0,0;P
10/06/2025;0,0;P
11/06/2025;0,0;P
12/06/2025;0,0;P
13/06/2025;0,0;P
14/06/2025;0,0;P
15/06/2025;0,0;P
16/06/2025;0,0;P
17/06/2025;0,8;P
18/06/2025;0,6;P
19/06/2025;0,0;P
20/06/2025;0,0;P
21/06/2025;0,0;P
22/06/2025;0,0;P
23/06/2025;0,0;P
24/06/2025;0,0;P
25/06/2025;0,0;P
26/06/2025;0,0;P
27/06/2025;0,0;P
28/06/2025;0,0;P
29/06/2025;0,0;P
30/06/2025;0,0;P
01/07/2025;0,0;P
02/07/2025;0,0;P
03/07/2025;22,6;P
04/07/2025;0,0;P
05/07/2025;0,0;P
06/07/2025;0,0;P
07/07/2025;3,2;P
08/07/2025;10,4;P
09/07/2025;0,4;P
10/07/2025;0,0;P
11/07/2025;0,0;P
12/07/2025;0,0;P
13/07/2025;0,0;P
14/07/2025;1,6;P
15/07/2025;0,0;P
16/07/2025;0,0;P
17/07/2025;3,0;P
18/07/2025;0,0;P
19/07/2025;0,0;P
20/07/2025;0,0;P
21/07/2025;0,0;P
22/07/2025;0,0;P
23/07/2025;0,0;P
24/07/2025;0,0;P
25/07/2025;0,8;P
26/07/2025;14,2;P
27/07/2025;4,8;P
28/07/2025;1,6;P
29/07/2025;2,8;P
30/07/2025;0,0;P
31/07/2025;1,6;P
01/08/2025;0,0;P
02/08/2025;0,0;P
03/08/2025;1,2;P
04/08/2025;0,0;P
05/08/2025;0,0;P
06/08/2025;0,0;P
07/08/2025;0,0;P
08/08/2025;0,0;P
09/08/2025;0,0;P
10/08/2025;0,0;P
11/08/2025;0,0;P
12/08/2025;0,0;P
13/08/2025;0,0;P
14/08/2025;0,0;P
15/08/2025;0,0;P
16/08/2025;0,0;P
17/08/2025;0,0;P
18/08/2025;0,0;P
19/08/2025;0,0;P
20/08/2025;0,0;P
21/08/2025;34,2;P
22/08/2025;10,8;P
23/08/2025;1,4;P
24/08/2025;0,0;P
25/08/2025;7,0;P
26/08/2025;0,0;P
27/08/2025;0,0;P
28/08/2025;0,2;P
29/08/2025;8,6;P
30/08/2025;0,2;P
31/08/2025;17,0;P
01/09/2025;0,0;P
02/09/2025;10,2;P
03/09/2025;0,2;P
04/09/2025;0,0;P
05/09/2025;0,0;P
06/09/2025;0,2;P
07/09/2025;0,0;P
08/09/2025;0,0;P
09/09/2025;0,2;P
10/09/2025;15,8;P
11/09/2025;21,6;P
12/09/2025;0,0;P
13/09/2025;0,0;P
14/09/2025;2,0;P
15/09/2025;0,2;P
16/09/2025;0,0;P
17/09/2025;0,0;P
18/09/2025;0,0;P
19/09/2025;0,0;P
20/09/2025;0,2;P
21/09/2025;0,0;P
22/09/2025;0,0;P
23/09/2025;24,0;P
24/09/2025;5,6;P
25/09/2025;0,2;P
26/09/2025;4,2;P
27/09/2025;3,6;P
28/09/2025;0,0;P
29/09/2025;0,2;P
30/09/2025;0,2;P
01/10/2025;0,8;P
02/10/2025;1,0;P
03/10/2025;0,0;P
04/10/2025;0,0;P
05/10/2025;14,8;P
06/10/2025;0,2;P
07/10/2025;0,2;P
08/10/2025;0,0;P
09/10/2025;0,0;P
10/10/2025;0,2;P
11/10/2025;0,0;P
12/10/2025;0,2;P
13/10/2025;0,2;P
14/10/2025;0,2;P
15/10/2025;0,0;P
16/10/2025;0,0;P
17/10/2025;0,0;P
18/10/2025;0,0;P
19/10/2025;0,0;P
20/10/2025;0,0;P
21/10/2025;11,2;P
22/10/2025;8,4;P
23/10/2025;22,0;P
24/10/2025;22,4;P
25/10/2025;2,4;P
26/10/2025;9,6;P
27/10/2025;4,6;P
28/10/2025;0,0;P
29/10/2025;0,0;P
30/10/2025;2,4;P
31/10/2025;31,6;P
01/11/2025;0,4;P
02/11/2025;0,0;P
03/11/2025;14,0;P
04/11/2025;0,0;P
05/11/2025;0,0;P
06/11/2025;0,2;P
07/11/2025;0,2;P
08/11/2025;0,0;P
09/11/2025;0,0;P
10/11/2025;0,0;P
11/11/2025;0,0;P
12/11/2025;0,2;P
13/11/2025;0,0;P
14/11/2025;0,0;P
15/11/2025;0,0;P
16/11/2025;1,2;P
17/11/2025;22,2;P
18/11/2025;6,8;P
19/11/2025;0,2;P
20/11/2025;6,6;P
21/11/2025;0,2;P
22/11/2025;9,2;P
23/11/2025;1,0;P
24/11/2025;4,8;P
25/11/2025;32,4;P
26/11/2025;0,4;P
27/11/2025;3,8;P
28/11/2025;0,0;P
29/11/2025;0,0;P
30/11/2025;0,0;P
01/12/2025;0,0;P
02/12/2025;7,0;P
03/12/2025;0,0;P
04/12/2025;0,0;P
05/12/2025;0,0;P
06/12/2025;0,0;P
07/12/2025;0,2;P
08/12/2025;0,0;P
09/12/2025;0,0;P
10/12/2025;0,0;P
11/12/2025;0,0;P
12/12/2025;0,2;P
13/12/2025;0,0;P
14/12/2025;0,0;P
15/12/2025;0,4;P
16/12/2025;0,0;P
17/12/2025;15,0;P
18/12/2025;4,0;P
19/12/2025;12,4;P
20/12/2025;0,4;P
21/12/2025;0,0;P
22/12/2025;0,0;P
23/12/2025;3,6;P
24/12/2025;4,0;P
25/12/2025;5,6;P
26/12/2025;0,6;P
27/12/2025;0,0;P
28/12/2025;0,0;P
29/12/2025;0,0;P
30/12/2025;0,2;P
31/12/2025;0,0;P
01/01/2026;0,0;P
02/01/2026;8,4;P
03/01/2026;1,4;P
04/01/2026;0,0;P
05/01/2026;0,2;P
06/01/2026;0,4;P
07/01/2026;1,8;P
08/01/2026;2,2;P
09/01/2026;4,8;P
10/01/2026;10,4;P
11/01/2026;0,0;P
12/01/2026;0,0;P
13/01/2026;1,2;P
14/01/2026;2,4;P
15/01/2026;0,6;P
16/01/2026;1,8;P
17/01/2026;0,0;P
18/01/2026;0,0;P
19/01/2026;0,0;P
20/01/2026;0,0;P
21/01/2026;0,0;P
22/01/2026;0,0;P
23/01/2026;0,0;P
24/01/2026;20,8;P
25/01/2026;34,4;P
26/01/2026;10,2;P
27/01/2026;0,0;P
28/01/2026;12,2;P
29/01/2026;6,0;P
30/01/2026;1,4;P
31/01/2026;0,2;P
01/02/2026;0,0;P
02/02/2026;0,0;P
03/02/2026;12,8;P
04/02/2026;24,8;P
05/02/2026;14,0;P
06/02/2026;11,8;P
07/02/2026;4,4;P
08/02/2026;6,8;P
09/02/2026;0,4;P
10/02/2026;0,0;P
11/02/2026;8,0;P
12/02/2026;8,4;P
13/02/2026;2,0;P
14/02/2026;4,8;P
15/02/2026;5,8;P
16/02/2026;0,8;P
17/02/2026;8,2;P
18/02/2026;0,2;P
19/02/2026;2,4;P
20/02/2026;8,2;P
21/02/2026;0,0;P
22/02/2026;0,0;P
23/02/2026;0,0;P
24/02/2026;0,0;P
25/02/2026;0,0;P
26/02/2026;0,2;P
27/02/2026;0,0;P
28/02/2026;0,0;P
01/03/2026;0,0;P
02/03/2026;0,0;P
03/03/2026;0,0;P
04/03/2026;0,0;P
05/03/2026;0,0;P
06/03/2026;0,0;P
07/03/2026;0,0;P
08/03/2026;0,0;P
09/03/2026;0,0;P
10/03/2026;0,0;P
11/03/2026;1,0;P
12/03/2026;30,2;P
13/03/2026;0,6;P
14/03/2026;0,0;P
15/03/2026;0,4;P
16/03/2026;0,0;P
17/03/2026;0,0;P
18/03/2026;0,0;P
19/03/2026;2,8;P
20/03/2026;0,0;P
21/03/2026;0,0;P
22/03/2026;0,0;P
23/03/2026;0,0;P
24/03/2026;0,0;P
25/03/2026;0,0;P
26/03/2026;22,4;P
27/03/2026;30,4;P
28/03/2026;0,2;P
29/03/2026;0,0;P
30/03/2026;0,0;P
31/03/2026;7,2;P
01/04/2026;0,0;P
02/04/2026;0,0;P
03/04/2026;0,0;P
04/04/2026;0,0;P
05/04/2026;0,0;P
06/04/2026;0,0;P
07/04/2026;0,0;P
08/04/2026;0,0;P
09/04/2026;0,0;P
10/04/2026;0,0;P
11/04/2026;0,0;P
12/04/2026;0,0;P
13/04/2026;0,0;P
14/04/2026;11,6;P
15/04/2026;0,4;P
16/04/2026;0,0;P
17/04/2026;0,0;P
18/04/2026;0,0;P
19/04/2026;0,0;P
20/04/2026;0,0;P
21/04/2026;0,4;P
22/04/2026;4,4;P
23/04/2026;0,0;P
24/04/2026;0,0;P
25/04/2026;0,0;P
26/04/2026;0,0;P
27/04/2026;0,0;P
28/04/2026;0,0;P
29/04/2026;0,0;P
30/04/2026;0,6;P
01/05/2026;0,0;P
02/05/2026;0,0;P
03/05/2026;0,0;P
04/05/2026;0,0;P
05/05/2026;11,2;P
06/05/2026;53,5;P
07/05/2026;21,4;P
08/05/2026;0,0;P
09/05/2026;0,0;P
10/05/2026;0,0;P
11/05/2026;3,8;P
12/05/2026;4,5;P
13/05/2026;1,0;P
14/05/2026;5,8;P
15/05/2026;0,4;P
16/05/2026;10,2;P
17/05/2026;2,8;P
18/05/2026;0,0;P
19/05/2026;0,0;P
20/05/2026;0,2;P
