"Stazione";"Remole"
"Codice";"TOS11000024"
"Comune";"Pontassieve"
"Provincia";"FI"
"GB [m]";"E";1694137;"N";4852116
"WGS84 [°]";"Lat";43.796;"Lon";11.413
"Quota [m]";230,00

;;;ATTENZIONE i dati sono nel fomato csv ed utilizzano
;;;come separatore di colonna il "punto e virgola" e
;;;come separatore decimale la "virgola"
;;;verificare le proprie impostazioni internazionali per una corretta visulizzazione.
;;;Il valore contrassegnato con N corrisponde al dato non validato
;;;Il valore contrassegnato con R corrisponde al dato ricostruito
;;;Il valore contrassegnato con I corrisponde al dato incerto
;;;Il valore contrassegnato con @ corrisponde al dato mancante
;;;Il valore contrassegnato con V corrisponde al dato validato
;;;Il valore contrassegnato con P corrisponde al dato prevalidato soggetto ad eventuali modifiche
;;;(consultare la sezione Criteri di validazione)

"gg/mm/aaaa";"Precipitazione [mm]";"Tipo Dato"
01/01/2012;0,0;P
02/01/2012;0,6;P
03/01/2012;11,8;P
04/01/2012;0,2;P
05/01/2012;4,4;P
06/01/2012;4,8;P
07/01/2012;0,0;P
08/01/2012;0,0;P
09/01/2012;0,0;P
10/01/2012;0,0;P
11/01/2012;0,0;P
12/01/2012;0,2;P
13/01/2012;0,0;P
14/01/2012;0,0;P
15/01/2012;0,0;P
16/01/2012;0,0;P
17/01/2012;0,0;P
18/01/2012;0,0;P
19/01/2012;0,0;P
20/01/2012;1,4;P
21/01/2012;0,2;P
22/01/2012;0,0;P
23/01/2012;0,0;P
24/01/2012;0,0;P
25/01/2012;0,0;P
26/01/2012;0,0;P
27/01/2012;0,0;P
28/01/2012;0,0;P
29/01/2012;0,0;P
30/01/2012;0,0;P
31/01/2012;0,0;P
01/02/2012;0,0;P
02/02/2012;0,0;P
03/02/2012;0,0;P
04/02/2012;0,0;P
05/02/2012;0,0;P
06/02/2012;0,0;P
07/02/2012;0,0;P
08/02/2012;0,0;P
09/02/2012;0,0;P
10/02/2012;0,0;P
11/02/2012;0,0;P
12/02/2012;0,0;P
13/02/2012;0,0;P
14/02/2012;0,0;P
15/02/2012;0,0;P
16/02/2012;0,8;P
17/02/2012;0,0;P
18/02/2012;0,0;P
19/02/2012;2,6;P
20/02/2012;2,6;P
21/02/2012;3,6;P
22/02/2012;0,0;P
23/02/2012;0,0;P
24/02/2012;0,0;P
25/02/2012;0,0;P
26/02/2012;0,0;P
27/02/2012;0,2;P
28/02/2012;0,0;P
29/02/2012;0,0;P
01/03/2012;0,0;P
02/03/2012;0,0;P
03/03/2012;0,0;P
04/03/2012;0,0;P
05/03/2012;0,2;P
06/03/2012;10,4;P
07/03/2012;0,4;P
08/03/2012;0,0;P
09/03/2012;0,0;P
10/03/2012;0,0;P
11/03/2012;0,0;P
12/03/2012;0,0;P
13/03/2012;0,0;P
14/03/2012;0,0;P
15/03/2012;0,0;P
16/03/2012;0,0;P
17/03/2012;0,0;P
18/03/2012;0,0;P
19/03/2012;3,6;P
20/03/2012;0,0;P
21/03/2012;0,0;P
22/03/2012;0,0;P
23/03/2012;0,0;P
24/03/2012;0,0;P
25/03/2012;0,0;P
26/03/2012;0,0;P
27/03/2012;0,0;P
28/03/2012;0,0;P
29/03/2012;0,0;P
30/03/2012;0,0;P
31/03/2012;0,0;P
01/04/2012;0,0;P
02/04/2012;0,0;P
03/04/2012;0,4;P
04/04/2012;1,4;P
05/04/2012;0,0;P
06/04/2012;5,0;P
07/04/2012;0,8;P
08/04/2012;9,0;P
09/04/2012;8,8;P
10/04/2012;0,0;P
11/04/2012;10,6;P
12/04/2012;28,4;P
13/04/2012;0,0;P
14/04/2012;0,6;P
15/04/2012;23,4;P
16/04/2012;1,4;P
17/04/2012;1,4;P
18/04/2012;0,2;P
19/04/2012;9,0;P
20/04/2012;10,0;P
21/04/2012;17,6;P
22/04/2012;2,0;P
23/04/2012;0,0;P
24/04/2012;5,0;P
25/04/2012;2,6;P
26/04/2012;0,0;P
27/04/2012;0,0;P
28/04/2012;0,0;P
29/04/2012;0,0;P
30/04/2012;0,2;P
01/05/2012;2,4;P
02/05/2012;9,6;P
03/05/2012;0,0;P
04/05/2012;0,0;P
05/05/2012;0,0;P
06/05/2012;0,0;P
07/05/2012;38,6;P
08/05/2012;0,0;P
09/05/2012;0,0;P
10/05/2012;0,0;P
11/05/2012;0,0;P
12/05/2012;0,0;P
13/05/2012;0,0;P
14/05/2012;6,0;P
15/05/2012;0,0;P
16/05/2012;3,6;P
17/05/2012;0,0;P
18/05/2012;0,0;P
19/05/2012;0,0;P
20/05/2012;0,8;P
21/05/2012;32,2;P
22/05/2012;12,0;P
23/05/2012;0,4;P
24/05/2012;0,2;P
25/05/2012;0,0;P
26/05/2012;0,0;P
27/05/2012;0,0;P
28/05/2012;3,0;P
29/05/2012;0,0;P
30/05/2012;0,0;P
31/05/2012;0,0;P
01/06/2012;0,0;P
02/06/2012;0,0;P
03/06/2012;0,0;P
04/06/2012;0,0;P
05/06/2012;18,4;P
06/06/2012;0,2;P
07/06/2012;0,0;P
08/06/2012;0,0;P
09/06/2012;0,0;P
10/06/2012;0,0;P
11/06/2012;20,0;P
12/06/2012;7,4;P
13/06/2012;0,0;P
14/06/2012;0,0;P
15/06/2012;0,0;P
16/06/2012;0,0;P
17/06/2012;0,0;P
18/06/2012;0,0;P
19/06/2012;0,0;P
20/06/2012;0,0;P
21/06/2012;0,0;P
22/06/2012;0,0;P
23/06/2012;0,0;P
24/06/2012;0,0;P
25/06/2012;0,0;P
26/06/2012;0,0;P
27/06/2012;0,0;P
28/06/2012;0,0;P
29/06/2012;0,0;P
30/06/2012;0,0;P
01/07/2012;0,0;P
02/07/2012;0,0;P
03/07/2012;0,0;P
04/07/2012;0,0;P
05/07/2012;0,0;P
06/07/2012;0,0;P
07/07/2012;0,0;P
08/07/2012;0,0;P
09/07/2012;0,0;P
10/07/2012;0,0;P
11/07/2012;0,0;P
12/07/2012;0,0;P
13/07/2012;0,0;P
14/07/2012;0,0;P
15/07/2012;0,0;P
16/07/2012;0,0;P
17/07/2012;0,0;P
18/07/2012;0,0;P
19/07/2012;0,0;P
20/07/2012;0,0;P
21/07/2012;0,0;P
22/07/2012;0,0;P
23/07/2012;0,0;P
24/07/2012;0,0;P
25/07/2012;0,0;P
26/07/2012;0,0;P
27/07/2012;0,0;P
28/07/2012;0,0;P
29/07/2012;0,0;P
30/07/2012;0,0;P
31/07/2012;0,0;P
01/08/2012;0,0;P
02/08/2012;0,0;P
03/08/2012;0,0;P
04/08/2012;0,0;P
05/08/2012;0,0;P
06/08/2012;0,0;P
07/08/2012;0,0;P
08/08/2012;0,0;P
09/08/2012;0,0;P
10/08/2012;0,0;P
11/08/2012;0,0;P
12/08/2012;0,0;P
13/08/2012;0,0;P
14/08/2012;0,0;P
15/08/2012;0,0;P
16/08/2012;0,0;P
17/08/2012;0,0;P
18/08/2012;0,0;P
19/08/2012;0,0;P
20/08/2012;0,0;P
21/08/2012;0,0;P
22/08/2012;0,0;P
23/08/2012;0,0;P
24/08/2012;0,0;P
25/08/2012;0,0;P
26/08/2012;0,0;P
27/08/2012;5,6;P
28/08/2012;0,0;P
29/08/2012;0,0;P
30/08/2012;0,0;P
31/08/2012;15,6;P
01/09/2012;0,0;P
02/09/2012;1,2;P
03/09/2012;17,4;P
04/09/2012;0,4;P
05/09/2012;0,0;P
06/09/2012;0,0;P
07/09/2012;0,0;P
08/09/2012;0,0;P
09/09/2012;0,0;P
10/09/2012;0,0;P
11/09/2012;0,0;P
12/09/2012;0,0;P
13/09/2012;0,0;P
14/09/2012;0,0;P
15/09/2012;0,0;P
16/09/2012;0,0;P
17/09/2012;0,0;P
18/09/2012;0,0;P
19/09/2012;1,6;P
20/09/2012;23,0;P
21/09/2012;0,0;P
22/09/2012;0,0;P
23/09/2012;0,0;P
24/09/2012;0,0;P
25/09/2012;0,0;P
26/09/2012;0,0;P
27/09/2012;0,0;P
28/09/2012;2,8;P
29/09/2012;0,0;P
30/09/2012;2,4;P
01/10/2012;37,6;P
02/10/2012;3,2;P
03/10/2012;0,2;P
04/10/2012;0,0;P
05/10/2012;0,0;P
06/10/2012;0,2;P
07/10/2012;0,0;P
08/10/2012;0,0;P
09/10/2012;26,2;P
10/10/2012;4,6;P
11/10/2012;0,2;P
12/10/2012;6,4;P
13/10/2012;1,0;P
14/10/2012;1,4;P
15/10/2012;0,2;P
16/10/2012;35,4;P
17/10/2012;0,0;P
18/10/2012;0,2;P
19/10/2012;0,4;P
20/10/2012;0,0;P
21/10/2012;0,2;P
22/10/2012;0,0;P
23/10/2012;0,0;P
24/10/2012;0,2;P
25/10/2012;0,2;P
26/10/2012;0,0;P
27/10/2012;16,0;P
28/10/2012;56,0;P
29/10/2012;28,2;P
30/10/2012;0,2;P
31/10/2012;0,0;P
01/11/2012;19,4;P
02/11/2012;3,8;P
03/11/2012;3,0;P
04/11/2012;3,2;P
05/11/2012;7,2;P
06/11/2012;0,0;P
07/11/2012;3,0;P
08/11/2012;0,2;P
09/11/2012;0,0;P
10/11/2012;0,2;P
11/11/2012;5,6;P
12/11/2012;15,2;P
13/11/2012;18,8;P
14/11/2012;3,6;P
15/11/2012;0,0;P
16/11/2012;0,0;P
17/11/2012;0,0;P
18/11/2012;0,2;P
19/11/2012;1,2;P
20/11/2012;5,0;P
21/11/2012;0,0;P
22/11/2012;0,2;P
23/11/2012;0,2;P
24/11/2012;0,0;P
25/11/2012;0,0;P
26/11/2012;0,0;P
27/11/2012;0,0;P
28/11/2012;95,4;P
29/11/2012;21,2;P
30/11/2012;11,2;P
01/12/2012;2,0;P
02/12/2012;4,8;P
03/12/2012;0,4;P
04/12/2012;6,4;P
05/12/2012;30,2;P
06/12/2012;0,0;P
07/12/2012;0,2;P
08/12/2012;21,0;P
09/12/2012;1,0;P
10/12/2012;0,0;P
11/12/2012;0,2;P
12/12/2012;0,0;P
13/12/2012;0,0;P
14/12/2012;0,8;P
15/12/2012;6,8;P
16/12/2012;10,8;P
17/12/2012;11,2;P
18/12/2012;26,0;P
19/12/2012;0,2;P
20/12/2012;0,0;P
21/12/2012;6,2;P
22/12/2012;1,6;P
23/12/2012;0,6;P
24/12/2012;1,8;P
25/12/2012;0,0;P
26/12/2012;0,0;P
27/12/2012;12,2;P
28/12/2012;3,8;P
29/12/2012;0,0;P
30/12/2012;0,0;P
31/12/2012;0,0;P
01/01/2013;0,0;P
02/01/2013;1,4;P
03/01/2013;1,8;P
04/01/2013;0,0;P
05/01/2013;0,0;P
06/01/2013;0,0;P
07/01/2013;0,4;P
08/01/2013;0,2;P
09/01/2013;0,0;P
10/01/2013;1,0;P
11/01/2013;0,8;P
12/01/2013;11,8;P
13/01/2013;6,6;P
14/01/2013;25,2;P
15/01/2013;4,2;P
16/01/2013;6,2;P
17/01/2013;6,4;P
18/01/2013;1,4;P
19/01/2013;0,0;P
20/01/2013;21,6;P
21/01/2013;16,8;P
22/01/2013;3,0;P
23/01/2013;4,2;P
24/01/2013;0,4;P
25/01/2013;0,0;P
26/01/2013;0,0;P
27/01/2013;0,0;P
28/01/2013;6,0;P
29/01/2013;3,6;P
30/01/2013;1,2;P
31/01/2013;0,4;P
01/02/2013;0,2;P
02/02/2013;1,0;P
03/02/2013;21,4;P
04/02/2013;0,0;P
05/02/2013;0,0;P
06/02/2013;9,2;P
07/02/2013;2,2;P
08/02/2013;0,0;P
09/02/2013;0,0;P
10/02/2013;0,0;P
11/02/2013;0,0;P
12/02/2013;9,8;P
13/02/2013;0,4;P
14/02/2013;0,0;P
15/02/2013;0,0;P
16/02/2013;0,0;P
17/02/2013;0,0;P
18/02/2013;0,0;P
19/02/2013;0,0;P
20/02/2013;0,0;P
21/02/2013;0,4;P
22/02/2013;5,8;P
23/02/2013;6,8;P
24/02/2013;21,2;P
25/02/2013;4,8;P
26/02/2013;1,2;P
27/02/2013;0,0;P
28/02/2013;0,0;P
01/03/2013;0,2;P
02/03/2013;0,0;P
03/03/2013;0,0;P
04/03/2013;0,0;P
05/03/2013;0,0;P
06/03/2013;0,0;P
07/03/2013;;@
08/03/2013;;@
09/03/2013;4,0;P
10/03/2013;14,8;P
11/03/2013;29,6;P
12/03/2013;20,4;P
13/03/2013;5,2;P
14/03/2013;10,4;P
15/03/2013;0,0;P
16/03/2013;0,0;P
17/03/2013;0,0;P
18/03/2013;15,6;P
19/03/2013;6,4;P
20/03/2013;0,0;P
21/03/2013;12,4;P
22/03/2013;0,0;P
23/03/2013;0,0;P
24/03/2013;1,4;P
25/03/2013;1,6;P
26/03/2013;3,6;P
27/03/2013;6,0;P
28/03/2013;0,0;P
29/03/2013;0,8;P
30/03/2013;1,0;P
31/03/2013;12,6;P
01/04/2013;0,4;P
02/04/2013;6,0;P
03/04/2013;0,0;P
04/04/2013;0,0;P
05/04/2013;7,6;P
06/04/2013;10,0;P
07/04/2013;0,0;P
08/04/2013;0,0;P
09/04/2013;12,6;P
10/04/2013;9,0;P
11/04/2013;0,0;P
12/04/2013;0,2;P
13/04/2013;0,2;P
14/04/2013;0,0;P
15/04/2013;0,0;P
16/04/2013;0,0;P
17/04/2013;0,0;P
18/04/2013;0,0;P
19/04/2013;0,0;P
20/04/2013;0,0;P
21/04/2013;0,0;P
22/04/2013;0,0;P
23/04/2013;4,4;P
24/04/2013;0,4;P
25/04/2013;0,0;P
26/04/2013;0,0;P
27/04/2013;0,0;P
28/04/2013;1,6;P
29/04/2013;0,2;P
30/04/2013;0,2;P
01/05/2013;0,6;P
02/05/2013;2,2;P
03/05/2013;2,0;P
04/05/2013;0,2;P
05/05/2013;0,0;P
06/05/2013;14,2;P
07/05/2013;0,4;P
08/05/2013;0,0;P
09/05/2013;7,0;P
10/05/2013;0,0;P
11/05/2013;7,2;P
12/05/2013;0,0;P
13/05/2013;10,0;P
14/05/2013;0,0;P
15/05/2013;0,0;P
16/05/2013;13,2;P
17/05/2013;6,8;P
18/05/2013;4,2;P
19/05/2013;4,0;P
20/05/2013;4,2;P
21/05/2013;0,8;P
22/05/2013;0,2;P
23/05/2013;6,2;P
24/05/2013;0,0;P
25/05/2013;1,6;P
26/05/2013;23,4;P
27/05/2013;0,0;P
28/05/2013;1,4;P
29/05/2013;0,4;P
30/05/2013;3,8;P
31/05/2013;6,4;P
01/06/2013;0,2;P
02/06/2013;0,6;P
03/06/2013;2,0;P
04/06/2013;1,8;P
05/06/2013;8,8;P
06/06/2013;1,2;P
07/06/2013;0,0;P
08/06/2013;4,0;P
09/06/2013;0,0;P
10/06/2013;3,8;P
11/06/2013;1,6;P
12/06/2013;0,0;P
13/06/2013;0,0;P
14/06/2013;0,0;P
15/06/2013;0,0;P
16/06/2013;0,0;P
17/06/2013;0,0;P
18/06/2013;0,0;P
19/06/2013;0,0;P
20/06/2013;0,0;P
21/06/2013;0,0;P
22/06/2013;0,0;P
23/06/2013;0,0;P
24/06/2013;0,0;P
25/06/2013;12,8;P
26/06/2013;0,4;P
27/06/2013;0,0;P
28/06/2013;0,2;P
29/06/2013;0,0;P
30/06/2013;0,0;P
01/07/2013;0,0;P
02/07/2013;0,0;P
03/07/2013;0,0;P
04/07/2013;0,2;P
05/07/2013;0,0;P
06/07/2013;0,0;P
07/07/2013;0,0;P
08/07/2013;0,0;P
09/07/2013;0,0;P
10/07/2013;0,0;P
11/07/2013;1,2;P
12/07/2013;1,4;P
13/07/2013;0,0;P
14/07/2013;0,0;P
15/07/2013;0,0;P
16/07/2013;0,0;P
17/07/2013;0,0;P
18/07/2013;0,0;P
19/07/2013;8,4;P
20/07/2013;0,0;P
21/07/2013;8,4;P
22/07/2013;0,0;P
23/07/2013;0,0;P
24/07/2013;0,0;P
25/07/2013;0,0;P
26/07/2013;0,0;P
27/07/2013;0,0;P
28/07/2013;0,0;P
29/07/2013;0,0;P
30/07/2013;4,6;P
31/07/2013;0,0;P
01/08/2013;0,0;P
02/08/2013;0,0;P
03/08/2013;0,0;P
04/08/2013;0,0;P
05/08/2013;0,0;P
06/08/2013;0,0;P
07/08/2013;0,0;P
08/08/2013;0,0;P
09/08/2013;0,0;P
10/08/2013;0,0;P
11/08/2013;0,0;P
12/08/2013;0,0;P
13/08/2013;0,0;P
14/08/2013;0,0;P
15/08/2013;0,0;P
16/08/2013;0,0;P
17/08/2013;0,0;P
18/08/2013;0,0;P
19/08/2013;0,0;P
20/08/2013;8,8;P
21/08/2013;0,2;P
22/08/2013;0,0;P
23/08/2013;0,0;P
24/08/2013;0,0;P
25/08/2013;41,8;P
26/08/2013;0,4;P
27/08/2013;0,0;P
28/08/2013;12,2;P
29/08/2013;0,0;P
30/08/2013;0,8;P
31/08/2013;0,0;P
01/09/2013;0,0;P
02/09/2013;0,0;P
03/09/2013;0,0;P
04/09/2013;0,0;P
05/09/2013;0,0;P
06/09/2013;0,0;P
07/09/2013;2,2;P
08/09/2013;0,0;P
09/09/2013;17,6;P
10/09/2013;0,0;P
11/09/2013;11,4;P
12/09/2013;0,0;P
13/09/2013;0,0;P
14/09/2013;0,2;P
15/09/2013;0,4;P
16/09/2013;27,4;P
17/09/2013;0,6;P
18/09/2013;0,0;P
19/09/2013;0,4;P
20/09/2013;0,2;P
21/09/2013;0,0;P
22/09/2013;0,0;P
23/09/2013;0,0;P
24/09/2013;0,2;P
25/09/2013;0,0;P
26/09/2013;0,0;P
27/09/2013;0,0;P
28/09/2013;0,0;P
29/09/2013;7,6;P
30/09/2013;20,6;P
01/10/2013;0,4;P
02/10/2013;0,0;P
03/10/2013;0,0;P
04/10/2013;0,2;P
05/10/2013;9,8;P
06/10/2013;36,4;P
07/10/2013;0,2;P
08/10/2013;1,8;P
09/10/2013;0,4;P
10/10/2013;1,4;P
11/10/2013;15,6;P
12/10/2013;5,8;P
13/10/2013;0,8;P
14/10/2013;0,0;P
15/10/2013;3,2;P
16/10/2013;14,8;P
17/10/2013;0,4;P
18/10/2013;0,2;P
19/10/2013;0,2;P
20/10/2013;0,0;P
21/10/2013;48,4;P
22/10/2013;1,2;P
23/10/2013;0,0;P
24/10/2013;33,0;P
25/10/2013;0,6;P
26/10/2013;0,0;P
27/10/2013;0,2;P
28/10/2013;0,0;P
29/10/2013;0,0;P
30/10/2013;0,0;P
31/10/2013;0,0;P
01/11/2013;0,0;P
02/11/2013;0,0;P
03/11/2013;0,8;P
04/11/2013;0,0;P
05/11/2013;21,4;P
06/11/2013;0,2;P
07/11/2013;0,2;P
08/11/2013;0,0;P
09/11/2013;0,0;P
10/11/2013;14,2;P
11/11/2013;35,8;P
12/11/2013;7,4;P
13/11/2013;0,0;P
14/11/2013;0,0;P
15/11/2013;16,6;P
16/11/2013;0,2;P
17/11/2013;0,0;P
18/11/2013;0,2;P
19/11/2013;2,0;P
20/11/2013;3,0;P
21/11/2013;13,2;P
22/11/2013;33,0;P
23/11/2013;2,2;P
24/11/2013;1,0;P
25/11/2013;0,0;P
26/11/2013;0,4;P
27/11/2013;0,0;P
28/11/2013;0,0;P
29/11/2013;0,0;P
30/11/2013;0,2;P
01/12/2013;0,0;P
02/12/2013;0,2;P
03/12/2013;0,0;P
04/12/2013;0,0;P
05/12/2013;0,0;P
06/12/2013;0,0;P
07/12/2013;0,2;P
08/12/2013;0,0;P
09/12/2013;0,2;P
10/12/2013;0,2;P
11/12/2013;0,2;P
12/12/2013;0,2;P
13/12/2013;0,2;P
14/12/2013;0,0;P
15/12/2013;0,0;P
16/12/2013;0,0;P
17/12/2013;0,0;P
18/12/2013;0,0;P
19/12/2013;0,0;P
20/12/2013;0,0;P
21/12/2013;0,8;P
22/12/2013;0,0;P
23/12/2013;0,0;P
24/12/2013;0,0;P
25/12/2013;0,0;P
26/12/2013;17,8;P
27/12/2013;9,0;P
28/12/2013;0,2;P
29/12/2013;5,0;P
30/12/2013;1,8;P
31/12/2013;0,2;P
01/01/2014;0,0;P
02/01/2014;0,2;P
03/01/2014;0,6;P
04/01/2014;0,4;P
05/01/2014;1,4;P
06/01/2014;0,2;P
07/01/2014;0,0;P
08/01/2014;0,2;P
09/01/2014;0,2;P
10/01/2014;0,0;P
11/01/2014;0,0;P
12/01/2014;0,2;P
13/01/2014;0,0;P
14/01/2014;3,0;P
15/01/2014;19,0;P
16/01/2014;0,2;P
17/01/2014;0,2;P
18/01/2014;32,6;P
19/01/2014;1,8;P
20/01/2014;5,0;P
21/01/2014;0,0;P
22/01/2014;0,2;P
23/01/2014;0,0;P
24/01/2014;14,4;P
25/01/2014;0,2;P
26/01/2014;0,2;P
27/01/2014;0,2;P
28/01/2014;12,8;P
29/01/2014;0,2;P
30/01/2014;16,8;P
31/01/2014;41,6;P
01/02/2014;7,2;P
02/02/2014;0,8;P
03/02/2014;3,6;P
04/02/2014;5,8;P
05/02/2014;18,4;P
06/02/2014;9,6;P
07/02/2014;0,2;P
08/02/2014;12,8;P
09/02/2014;3,6;P
10/02/2014;4,0;P
11/02/2014;48,0;P
12/02/2014;9,2;P
13/02/2014;0,0;P
14/02/2014;4,0;P
15/02/2014;0,0;P
16/02/2014;0,0;P
17/02/2014;0,0;P
18/02/2014;0,0;P
19/02/2014;0,0;P
20/02/2014;25,6;P
21/02/2014;4,6;P
22/02/2014;9,0;P
23/02/2014;9,2;P
24/02/2014;0,0;P
25/02/2014;0,0;P
26/02/2014;0,0;P
27/02/2014;14,8;P
28/02/2014;9,8;P
01/03/2014;8,0;P
02/03/2014;1,0;P
03/03/2014;0,6;P
04/03/2014;3,2;P
05/03/2014;7,6;P
06/03/2014;0,0;P
07/03/2014;0,0;P
08/03/2014;0,0;P
09/03/2014;0,0;P
10/03/2014;0,0;P
11/03/2014;0,0;P
12/03/2014;0,0;P
13/03/2014;0,0;P
14/03/2014;0,0;P
15/03/2014;0,0;P
16/03/2014;0,0;P
17/03/2014;0,0;P
18/03/2014;0,0;P
19/03/2014;0,0;P
20/03/2014;0,2;P
21/03/2014;0,0;P
22/03/2014;0,8;P
23/03/2014;16,4;P
24/03/2014;34,2;P
25/03/2014;0,0;P
26/03/2014;0,0;P
27/03/2014;0,0;P
28/03/2014;2,6;P
29/03/2014;0,0;P
30/03/2014;0,0;P
31/03/2014;0,0;P
01/04/2014;0,0;P
02/04/2014;0,0;P
03/04/2014;0,0;P
04/04/2014;0,2;P
05/04/2014;12,2;P
06/04/2014;0,0;P
07/04/2014;0,0;P
08/04/2014;0,0;P
09/04/2014;1,6;P
10/04/2014;0,0;P
11/04/2014;0,0;P
12/04/2014;0,0;P
13/04/2014;0,0;P
14/04/2014;3,4;P
15/04/2014;0,0;P
16/04/2014;1,2;P
17/04/2014;0,0;P
18/04/2014;0,0;P
19/04/2014;2,4;P
20/04/2014;0,8;P
21/04/2014;0,0;P
22/04/2014;0,0;P
23/04/2014;0,0;P
24/04/2014;0,0;P
25/04/2014;2,4;P
26/04/2014;0,2;P
27/04/2014;4,8;P
28/04/2014;3,0;P
29/04/2014;7,4;P
30/04/2014;0,0;P
01/05/2014;6,0;P
02/05/2014;0,4;P
03/05/2014;7,4;P
04/05/2014;3,8;P
05/05/2014;0,0;P
06/05/2014;0,0;P
07/05/2014;0,0;P
08/05/2014;1,0;P
09/05/2014;0,0;P
10/05/2014;0,0;P
11/05/2014;0,0;P
12/05/2014;0,0;P
13/05/2014;0,0;P
14/05/2014;0,0;P
15/05/2014;0,2;P
16/05/2014;0,0;P
17/05/2014;0,0;P
18/05/2014;0,0;P
19/05/2014;0,0;P
20/05/2014;0,0;P
21/05/2014;0,0;P
22/05/2014;0,0;P
23/05/2014;0,0;P
24/05/2014;6,4;P
25/05/2014;0,0;P
26/05/2014;1,0;P
27/05/2014;0,6;P
28/05/2014;0,8;P
29/05/2014;0,0;P
30/05/2014;0,0;P
31/05/2014;0,4;P
01/06/2014;0,0;P
02/06/2014;0,0;P
03/06/2014;0,0;P
04/06/2014;0,0;P
05/06/2014;0,0;P
06/06/2014;0,0;P
07/06/2014;0,0;P
08/06/2014;0,0;P
09/06/2014;0,0;P
10/06/2014;0,0;P
11/06/2014;0,0;P
12/06/2014;0,0;P
13/06/2014;0,2;P
14/06/2014;0,8;P
15/06/2014;0,6;P
16/06/2014;3,0;P
17/06/2014;0,0;P
18/06/2014;0,0;P
19/06/2014;0,0;P
20/06/2014;0,0;P
21/06/2014;0,0;P
22/06/2014;0,0;P
23/06/2014;0,0;P
24/06/2014;0,0;P
25/06/2014;0,0;P
26/06/2014;0,0;P
27/06/2014;0,0;P
28/06/2014;0,0;P
29/06/2014;0,0;P
30/06/2014;45,6;P
01/07/2014;0,0;P
02/07/2014;0,0;P
03/07/2014;0,0;P
04/07/2014;0,0;P
05/07/2014;0,0;P
06/07/2014;0,0;P
07/07/2014;0,0;P
08/07/2014;2,2;P
09/07/2014;0,4;P
10/07/2014;3,2;P
11/07/2014;9,8;P
12/07/2014;0,0;P
13/07/2014;4,0;P
14/07/2014;0,0;P
15/07/2014;0,0;P
16/07/2014;0,0;P
17/07/2014;0,0;P
18/07/2014;0,0;P
19/07/2014;0,0;P
20/07/2014;0,0;P
21/07/2014;23,8;P
22/07/2014;17,0;P
23/07/2014;0,0;P
24/07/2014;0,0;P
25/07/2014;3,8;P
26/07/2014;0,2;P
27/07/2014;4,2;P
28/07/2014;0,0;P
29/07/2014;2,8;P
30/07/2014;19,8;P
31/07/2014;0,2;P
01/08/2014;0,0;P
02/08/2014;0,0;P
03/08/2014;0,0;P
04/08/2014;12,0;P
05/08/2014;0,0;P
06/08/2014;7,2;P
07/08/2014;0,0;P
08/08/2014;0,0;P
09/08/2014;0,0;P
10/08/2014;0,2;P
11/08/2014;0,0;P
12/08/2014;0,0;P
13/08/2014;0,0;P
14/08/2014;10,8;P
15/08/2014;0,0;P
16/08/2014;2,4;P
17/08/2014;0,0;P
18/08/2014;0,0;P
19/08/2014;0,0;P
20/08/2014;0,0;P
21/08/2014;0,0;P
22/08/2014;0,0;P
23/08/2014;0,0;P
24/08/2014;0,4;P
25/08/2014;0,0;P
26/08/2014;0,0;P
27/08/2014;0,0;P
28/08/2014;0,2;P
29/08/2014;0,0;P
30/08/2014;0,0;P
31/08/2014;0,0;P
01/09/2014;20,6;P
02/09/2014;0,0;P
03/09/2014;0,0;P
04/09/2014;1,0;P
05/09/2014;0,0;P
06/09/2014;0,0;P
07/09/2014;0,2;P
08/09/2014;0,0;P
09/09/2014;0,0;P
10/09/2014;15,0;P
11/09/2014;24,8;P
12/09/2014;10,2;P
13/09/2014;0,6;P
14/09/2014;0,2;P
15/09/2014;0,0;P
16/09/2014;0,0;P
17/09/2014;0,2;P
18/09/2014;0,0;P
19/09/2014;0,0;P
20/09/2014;21,8;P
21/09/2014;0,0;P
22/09/2014;6,4;P
23/09/2014;0,0;P
24/09/2014;0,0;P
25/09/2014;0,2;P
26/09/2014;0,0;P
27/09/2014;0,0;P
28/09/2014;0,2;P
29/09/2014;0,0;P
30/09/2014;0,2;P
01/10/2014;3,2;P
02/10/2014;1,2;P
03/10/2014;0,0;P
04/10/2014;0,0;P
05/10/2014;0,0;P
06/10/2014;0,0;P
07/10/2014;0,2;P
08/10/2014;0,0;P
09/10/2014;0,0;P
10/10/2014;0,0;P
11/10/2014;0,0;P
12/10/2014;14,8;P
13/10/2014;0,0;P
14/10/2014;28,0;P
15/10/2014;3,6;P
16/10/2014;1,0;P
17/10/2014;2,2;P
18/10/2014;6,4;P
19/10/2014;0,2;P
20/10/2014;0,2;P
21/10/2014;2,4;P
22/10/2014;2,6;P
23/10/2014;0,0;P
24/10/2014;0,0;P
25/10/2014;0,0;P
26/10/2014;0,0;P
27/10/2014;0,0;P
28/10/2014;0,0;P
29/10/2014;0,0;P
30/10/2014;0,2;P
31/10/2014;0,0;P
01/11/2014;0,0;P
02/11/2014;0,2;P
03/11/2014;0,0;P
04/11/2014;0,0;P
05/11/2014;2,2;P
06/11/2014;51,0;P
07/11/2014;13,0;P
08/11/2014;3,2;P
09/11/2014;0,4;P
10/11/2014;0,4;P
11/11/2014;8,0;P
12/11/2014;0,0;P
13/11/2014;2,6;P
14/11/2014;0,0;P
15/11/2014;0,2;P
16/11/2014;18,6;P
17/11/2014;10,0;P
18/11/2014;45,2;P
19/11/2014;38,4;P
20/11/2014;0,2;P
21/11/2014;0,2;P
22/11/2014;2,8;P
23/11/2014;0,0;P
24/11/2014;0,2;P
25/11/2014;0,0;P
26/11/2014;5,8;P
27/11/2014;3,0;P
28/11/2014;6,6;P
29/11/2014;0,4;P
30/11/2014;1,2;P
01/12/2014;2,0;P
02/12/2014;0,0;P
03/12/2014;0,4;P
04/12/2014;9,0;P
05/12/2014;8,2;P
06/12/2014;0,2;P
07/12/2014;5,4;P
08/12/2014;0,0;P
09/12/2014;0,0;P
10/12/2014;0,0;P
11/12/2014;0,0;P
12/12/2014;0,0;P
13/12/2014;0,0;P
14/12/2014;0,2;P
15/12/2014;0,0;P
16/12/2014;5,0;P
17/12/2014;0,4;P
18/12/2014;0,0;P
19/12/2014;0,2;P
20/12/2014;0,0;P
21/12/2014;0,0;P
22/12/2014;0,0;P
23/12/2014;0,0;P
24/12/2014;0,0;P
25/12/2014;0,0;P
26/12/2014;0,0;P
27/12/2014;0,0;P
28/12/2014;22,8;P
29/12/2014;0,0;P
30/12/2014;0,0;P
31/12/2014;0,0;P
01/01/2015;0,0;P
02/01/2015;0,0;P
03/01/2015;0,0;P
04/01/2015;0,0;P
05/01/2015;0,0;P
06/01/2015;0,0;P
07/01/2015;0,0;P
08/01/2015;0,0;P
09/01/2015;0,0;P
10/01/2015;0,0;P
11/01/2015;0,2;P
12/01/2015;0,4;P
13/01/2015;0,0;P
14/01/2015;0,0;P
15/01/2015;1,2;P
16/01/2015;0,0;P
17/01/2015;9,4;P
18/01/2015;4,2;P
19/01/2015;0,2;P
20/01/2015;0,0;P
21/01/2015;0,2;P
22/01/2015;1,4;P
23/01/2015;0,4;P
24/01/2015;0,0;P
25/01/2015;0,0;P
26/01/2015;0,0;P
27/01/2015;0,0;P
28/01/2015;0,0;P
29/01/2015;0,0;P
30/01/2015;33,8;P
31/01/2015;4,2;P
01/02/2015;3,8;P
02/02/2015;0,4;P
03/02/2015;6,0;P
04/02/2015;0,2;P
05/02/2015;7,8;P
06/02/2015;11,0;P
07/02/2015;2,2;P
08/02/2015;0,0;P
09/02/2015;0,0;P
10/02/2015;0,0;P
11/02/2015;0,0;P
12/02/2015;0,0;P
13/02/2015;0,0;P
14/02/2015;0,8;P
15/02/2015;0,4;P
16/02/2015;1,0;P
17/02/2015;0,0;P
18/02/2015;0,0;P
19/02/2015;0,0;P
20/02/2015;0,0;P
21/02/2015;0,0;P
22/02/2015;4,6;P
23/02/2015;1,0;P
24/02/2015;0,6;P
25/02/2015;0,4;P
26/02/2015;0,0;P
27/02/2015;0,6;P
28/02/2015;0,0;P
01/03/2015;0,0;P
02/03/2015;3,6;P
03/03/2015;4,6;P
04/03/2015;0,0;P
05/03/2015;14,0;P
06/03/2015;0,0;P
07/03/2015;0,0;P
08/03/2015;0,0;P
09/03/2015;0,0;P
10/03/2015;0,0;P
11/03/2015;0,0;P
12/03/2015;0,2;P
13/03/2015;0,0;P
14/03/2015;0,0;P
15/03/2015;0,0;P
16/03/2015;7,6;P
17/03/2015;8,0;P
18/03/2015;0,0;P
19/03/2015;0,0;P
20/03/2015;0,0;P
21/03/2015;0,0;P
22/03/2015;0,0;P
23/03/2015;0,0;P
24/03/2015;1,4;P
25/03/2015;0,2;P
26/03/2015;29,2;P
27/03/2015;2,6;P
28/03/2015;1,6;P
29/03/2015;0,0;P
30/03/2015;0,0;P
31/03/2015;0,0;P
01/04/2015;0,0;P
02/04/2015;0,0;P
03/04/2015;0,0;P
04/04/2015;0,0;P
05/04/2015;30,8;P
06/04/2015;0,0;P
07/04/2015;0,0;P
08/04/2015;0,0;P
09/04/2015;0,0;P
10/04/2015;0,0;P
11/04/2015;0,0;P
12/04/2015;0,0;P
13/04/2015;0,0;P
14/04/2015;0,0;P
15/04/2015;0,0;P
16/04/2015;0,0;P
17/04/2015;0,0;P
18/04/2015;0,2;P
19/04/2015;1,8;P
20/04/2015;0,0;P
21/04/2015;0,0;P
22/04/2015;0,0;P
23/04/2015;0,0;P
24/04/2015;3,6;P
25/04/2015;0,2;P
26/04/2015;0,0;P
27/04/2015;14,0;P
28/04/2015;14,4;P
29/04/2015;23,6;P
30/04/2015;4,0;P
01/05/2015;0,0;P
02/05/2015;1,0;P
03/05/2015;0,0;P
04/05/2015;0,0;P
05/05/2015;0,0;P
06/05/2015;0,0;P
07/05/2015;0,2;P
08/05/2015;0,0;P
09/05/2015;0,0;P
10/05/2015;0,0;P
11/05/2015;0,0;P
12/05/2015;0,0;P
13/05/2015;0,0;P
14/05/2015;0,0;P
15/05/2015;0,0;P
16/05/2015;1,6;P
17/05/2015;0,2;P
18/05/2015;0,0;P
19/05/2015;0,0;P
20/05/2015;0,0;P
21/05/2015;7,6;P
22/05/2015;19,0;P
23/05/2015;3,0;P
24/05/2015;2,4;P
25/05/2015;0,2;P
26/05/2015;0,0;P
27/05/2015;1,4;P
28/05/2015;0,0;P
29/05/2015;0,0;P
30/05/2015;0,0;P
31/05/2015;0,0;P
01/06/2015;0,0;P
02/06/2015;0,0;P
03/06/2015;0,0;P
04/06/2015;0,0;P
05/06/2015;0,0;P
06/06/2015;0,0;P
07/06/2015;0,0;P
08/06/2015;0,0;P
09/06/2015;0,0;P
10/06/2015;0,0;P
11/06/2015;0,2;P
12/06/2015;0,0;P
13/06/2015;0,0;P
14/06/2015;0,0;P
15/06/2015;5,0;P
16/06/2015;27,4;P
17/06/2015;0,0;P
18/06/2015;0,4;P
19/06/2015;0,0;P
20/06/2015;0,0;P
21/06/2015;0,0;P
22/06/2015;0,0;P
23/06/2015;0,0;P
24/06/2015;12,0;P
25/06/2015;0,0;P
26/06/2015;0,0;P
27/06/2015;0,0;P
28/06/2015;1,0;P
29/06/2015;0,0;P
30/06/2015;0,0;P
01/07/2015;0,0;P
02/07/2015;0,0;P
03/07/2015;0,0;P
04/07/2015;0,0;P
05/07/2015;0,0;P
06/07/2015;0,0;P
07/07/2015;0,0;P
08/07/2015;0,0;P
09/07/2015;0,0;P
10/07/2015;0,0;P
11/07/2015;0,0;P
12/07/2015;0,0;P
13/07/2015;0,0;P
14/07/2015;0,0;P
15/07/2015;0,0;P
16/07/2015;0,0;P
17/07/2015;0,0;P
18/07/2015;0,0;P
19/07/2015;0,0;P
20/07/2015;0,0;P
21/07/2015;0,0;P
22/07/2015;0,0;P
23/07/2015;35,4;P
24/07/2015;0,0;P
25/07/2015;0,2;P
26/07/2015;1,0;P
27/07/2015;0,0;P
28/07/2015;0,0;P
29/07/2015;0,0;P
30/07/2015;0,0;P
31/07/2015;11,8;P
01/08/2015;0,0;P
02/08/2015;33,2;P
03/08/2015;0,0;P
04/08/2015;0,0;P
05/08/2015;0,0;P
06/08/2015;0,0;P
07/08/2015;0,0;P
08/08/2015;0,0;P
09/08/2015;0,0;P
10/08/2015;26,8;P
11/08/2015;16,8;P
12/08/2015;0,0;P
13/08/2015;0,0;P
14/08/2015;0,0;P
15/08/2015;0,0;P
16/08/2015;6,8;P
17/08/2015;0,0;P
18/08/2015;0,0;P
19/08/2015;4,0;P
20/08/2015;2,6;P
21/08/2015;0,0;P
22/08/2015;0,0;P
23/08/2015;0,0;P
24/08/2015;9,0;P
25/08/2015;18,2;P
26/08/2015;0,0;P
27/08/2015;0,0;P
28/08/2015;0,0;P
29/08/2015;0,0;P
30/08/2015;0,0;P
31/08/2015;0,0;P
01/09/2015;0,0;P
02/09/2015;0,0;P
03/09/2015;0,0;P
04/09/2015;0,4;P
05/09/2015;1,0;P
06/09/2015;4,2;P
07/09/2015;0,0;P
08/09/2015;0,0;P
09/09/2015;0,0;P
10/09/2015;0,0;P
11/09/2015;0,0;P
12/09/2015;0,0;P
13/09/2015;0,0;P
14/09/2015;5,6;P
15/09/2015;33,6;P
16/09/2015;0,0;P
17/09/2015;0,0;P
18/09/2015;0,0;P
19/09/2015;0,0;P
20/09/2015;0,0;P
21/09/2015;0,0;P
22/09/2015;0,0;P
23/09/2015;2,2;P
24/09/2015;28,2;P
25/09/2015;0,0;P
26/09/2015;0,0;P
27/09/2015;0,0;P
28/09/2015;0,0;P
29/09/2015;0,0;P
30/09/2015;0,0;P
01/10/2015;0,0;P
02/10/2015;4,4;P
03/10/2015;3,6;P
04/10/2015;2,6;P
05/10/2015;22,4;P
06/10/2015;4,2;P
07/10/2015;6,6;P
08/10/2015;3,0;P
09/10/2015;0,0;P
10/10/2015;2,0;P
11/10/2015;8,6;P
12/10/2015;0,2;P
13/10/2015;2,0;P
14/10/2015;34,6;P
15/10/2015;25,2;P
16/10/2015;10,8;P
17/10/2015;1,8;P
18/10/2015;0,2;P
19/10/2015;4,6;P
20/10/2015;0,0;P
21/10/2015;0,0;P
22/10/2015;0,0;P
23/10/2015;0,0;P
24/10/2015;0,0;P
25/10/2015;0,0;P
26/10/2015;0,2;P
27/10/2015;0,2;P
28/10/2015;10,6;P
29/10/2015;41,8;P
30/10/2015;2,2;P
31/10/2015;0,0;P
01/11/2015;0,0;P
02/11/2015;0,0;P
03/11/2015;0,0;P
04/11/2015;0,2;P
05/11/2015;0,0;P
06/11/2015;0,0;P
07/11/2015;0,2;P
08/11/2015;0,2;P
09/11/2015;0,0;P
10/11/2015;0,0;P
11/11/2015;0,2;P
12/11/2015;0,2;P
13/11/2015;0,2;P
14/11/2015;0,0;P
15/11/2015;0,0;P
16/11/2015;0,0;P
17/11/2015;0,2;P
18/11/2015;0,0;P
19/11/2015;0,0;P
20/11/2015;0,0;P
21/11/2015;6,6;P
22/11/2015;15,8;P
23/11/2015;0,0;P
24/11/2015;0,0;P
25/11/2015;0,0;P
26/11/2015;0,2;P
27/11/2015;0,2;P
28/11/2015;0,0;P
29/11/2015;0,0;P
30/11/2015;0,0;P
01/12/2015;0,0;P
02/12/2015;0,0;P
03/12/2015;0,0;P
04/12/2015;0,0;P
05/12/2015;0,0;P
06/12/2015;0,2;P
07/12/2015;0,2;P
08/12/2015;0,0;P
09/12/2015;0,8;P
10/12/2015;0,0;P
11/12/2015;0,0;P
12/12/2015;0,0;P
13/12/2015;0,0;P
14/12/2015;0,0;P
15/12/2015;0,2;P
16/12/2015;0,0;P
17/12/2015;0,4;P
18/12/2015;0,0;P
19/12/2015;0,0;P
20/12/2015;0,2;P
21/12/2015;0,4;P
22/12/2015;1,2;P
23/12/2015;2,2;P
24/12/2015;0,2;P
25/12/2015;0,0;P
26/12/2015;0,2;P
27/12/2015;0,4;P
28/12/2015;0,2;P
29/12/2015;0,2;P
30/12/2015;0,2;P
31/12/2015;0,0;P
01/01/2016;0,0;P
02/01/2016;2,0;P
03/01/2016;23,2;P
04/01/2016;3,8;P
05/01/2016;8,0;P
06/01/2016;18,8;P
07/01/2016;4,6;P
08/01/2016;6,2;P
09/01/2016;0,6;P
10/01/2016;11,2;P
11/01/2016;1,0;P
12/01/2016;3,4;P
13/01/2016;0,2;P
14/01/2016;2,2;P
15/01/2016;29,6;P
16/01/2016;1,2;P
17/01/2016;0,2;P
18/01/2016;0,0;P
19/01/2016;0,0;P
20/01/2016;0,0;P
21/01/2016;0,2;P
22/01/2016;0,2;P
23/01/2016;0,0;P
24/01/2016;0,0;P
25/01/2016;0,2;P
26/01/2016;0,0;P
27/01/2016;1,2;P
28/01/2016;3,4;P
29/01/2016;0,8;P
30/01/2016;0,4;P
31/01/2016;0,0;P
01/02/2016;3,8;P
02/02/2016;0,2;P
03/02/2016;0,0;P
04/02/2016;6,2;P
05/02/2016;0,0;P
06/02/2016;0,0;P
07/02/2016;0,0;P
08/02/2016;0,2;P
09/02/2016;1,8;P
10/02/2016;9,6;P
11/02/2016;0,0;P
12/02/2016;30,4;P
13/02/2016;17,2;P
14/02/2016;21,4;P
15/02/2016;3,6;P
16/02/2016;28,2;P
17/02/2016;13,6;P
18/02/2016;9,8;P
19/02/2016;6,0;P
20/02/2016;1,4;P
21/02/2016;0,0;P
22/02/2016;0,0;P
23/02/2016;4,2;P
24/02/2016;2,6;P
25/02/2016;1,4;P
26/02/2016;16,4;P
27/02/2016;12,6;P
28/02/2016;11,8;P
29/02/2016;8,2;P
01/03/2016;0,2;P
02/03/2016;0,0;P
03/03/2016;5,0;P
04/03/2016;0,0;P
05/03/2016;0,0;P
06/03/2016;19,8;P
07/03/2016;20,2;P
08/03/2016;6,0;P
09/03/2016;5,0;P
10/03/2016;0,4;P
11/03/2016;0,0;P
12/03/2016;0,0;P
13/03/2016;0,0;P
14/03/2016;0,0;P
15/03/2016;0,0;P
16/03/2016;0,0;P
17/03/2016;0,2;P
18/03/2016;0,0;P
19/03/2016;0,0;P
20/03/2016;0,0;P
21/03/2016;5,4;P
22/03/2016;1,2;P
23/03/2016;0,0;P
24/03/2016;0,0;P
25/03/2016;0,0;P
26/03/2016;0,0;P
27/03/2016;0,0;P
28/03/2016;12,4;P
29/03/2016;2,6;P
30/03/2016;0,0;P
31/03/2016;0,0;P
01/04/2016;0,0;P
02/04/2016;0,0;P
03/04/2016;0,0;P
04/04/2016;0,0;P
05/04/2016;0,0;P
06/04/2016;0,0;P
07/04/2016;0,0;P
08/04/2016;0,6;P
09/04/2016;12,0;P
10/04/2016;1,8;P
11/04/2016;0,0;P
12/04/2016;0,0;P
13/04/2016;0,0;P
14/04/2016;0,0;P
15/04/2016;0,2;P
16/04/2016;0,0;P
17/04/2016;0,0;P
18/04/2016;0,8;P
19/04/2016;0,0;P
20/04/2016;0,0;P
21/04/2016;0,0;P
22/04/2016;0,2;P
23/04/2016;0,6;P
24/04/2016;26,6;P
25/04/2016;4,6;P
26/04/2016;0,0;P
27/04/2016;0,0;P
28/04/2016;0,4;P
29/04/2016;0,0;P
30/04/2016;0,0;P
01/05/2016;22,4;P
02/05/2016;2,4;P
03/05/2016;10,2;P
04/05/2016;5,4;P
05/05/2016;0,0;P
06/05/2016;0,0;P
07/05/2016;0,0;P
08/05/2016;0,0;P
09/05/2016;1,8;P
10/05/2016;0,0;P
11/05/2016;0,0;P
12/05/2016;12,4;P
13/05/2016;0,0;P
14/05/2016;18,8;P
15/05/2016;2,2;P
16/05/2016;4,8;P
17/05/2016;0,8;P
18/05/2016;0,0;P
19/05/2016;0,0;P
20/05/2016;195,2;P
21/05/2016;25,0;P
22/05/2016;0,0;P
23/05/2016;0,0;P
24/05/2016;10,6;P
25/05/2016;0,0;P
26/05/2016;0,0;P
27/05/2016;0,0;P
28/05/2016;0,0;P
29/05/2016;0,0;P
30/05/2016;7,0;P
31/05/2016;0,0;P
01/06/2016;0,2;P
02/06/2016;4,0;P
03/06/2016;3,8;P
04/06/2016;1,6;P
05/06/2016;1,4;P
06/06/2016;0,0;P
07/06/2016;2,2;P
08/06/2016;0,0;P
09/06/2016;17,0;P
10/06/2016;0,6;P
11/06/2016;0,0;P
12/06/2016;0,0;P
13/06/2016;13,2;P
14/06/2016;0,0;P
15/06/2016;1,2;P
16/06/2016;0,0;P
17/06/2016;1,8;P
18/06/2016;0,0;P
19/06/2016;0,2;P
20/06/2016;13,2;P
21/06/2016;0,0;P
22/06/2016;0,0;P
23/06/2016;0,0;P
24/06/2016;0,0;P
25/06/2016;0,0;P
26/06/2016;0,0;P
27/06/2016;0,0;P
28/06/2016;0,0;P
29/06/2016;0,0;P
30/06/2016;0,0;P
01/07/2016;0,0;P
02/07/2016;0,0;P
03/07/2016;0,0;P
04/07/2016;0,0;P
05/07/2016;0,0;P
06/07/2016;0,0;P
07/07/2016;16,2;P
08/07/2016;0,0;P
09/07/2016;0,0;P
10/07/2016;0,0;P
11/07/2016;0,0;P
12/07/2016;0,0;P
13/07/2016;0,0;P
14/07/2016;0,0;P
15/07/2016;13,8;P
16/07/2016;0,6;P
17/07/2016;0,0;P
18/07/2016;0,0;P
19/07/2016;0,0;P
20/07/2016;0,0;P
21/07/2016;0,0;P
22/07/2016;0,0;P
23/07/2016;0,2;P
24/07/2016;1,6;P
25/07/2016;;@
26/07/2016;0,2;P
27/07/2016;;@
28/07/2016;9,6;P
29/07/2016;;@
30/07/2016;;@
31/07/2016;0,0;P
01/08/2016;0,0;P
02/08/2016;0,4;P
03/08/2016;0,0;P
04/08/2016;0,0;P
05/08/2016;0,2;P
06/08/2016;5,6;P
07/08/2016;0,0;P
08/08/2016;0,0;P
09/08/2016;0,0;P
10/08/2016;0,0;P
11/08/2016;0,0;P
12/08/2016;0,0;P
13/08/2016;0,0;P
14/08/2016;0,0;P
15/08/2016;0,0;P
16/08/2016;0,0;P
17/08/2016;0,0;P
18/08/2016;0,0;P
19/08/2016;0,0;P
20/08/2016;0,0;P
21/08/2016;0,0;P
22/08/2016;0,0;P
23/08/2016;0,0;P
24/08/2016;0,0;P
25/08/2016;0,0;P
26/08/2016;0,0;P
27/08/2016;0,0;P
28/08/2016;0,0;P
29/08/2016;0,0;P
30/08/2016;0,0;P
31/08/2016;31,2;P
01/09/2016;8,6;P
02/09/2016;0,0;P
03/09/2016;0,0;P
04/09/2016;0,0;P
05/09/2016;0,0;P
06/09/2016;0,0;P
07/09/2016;0,8;P
08/09/2016;0,0;P
09/09/2016;0,0;P
10/09/2016;0,0;P
11/09/2016;0,0;P
12/09/2016;0,0;P
13/09/2016;0,0;P
14/09/2016;0,0;P
15/09/2016;0,0;P
16/09/2016;14,8;P
17/09/2016;35,0;P
18/09/2016;9,2;P
19/09/2016;0,0;P
20/09/2016;0,2;P
21/09/2016;0,0;P
22/09/2016;1,6;P
23/09/2016;0,0;P
24/09/2016;0,0;P
25/09/2016;0,0;P
26/09/2016;0,0;P
27/09/2016;0,0;P
28/09/2016;0,0;P
29/09/2016;;@
30/09/2016;;@
01/10/2016;;@
02/10/2016;;@
03/10/2016;;@
04/10/2016;;@
05/10/2016;;@
06/10/2016;;@
07/10/2016;;@
08/10/2016;;@
09/10/2016;;@
10/10/2016;;@
11/10/2016;;@
12/10/2016;;@
13/10/2016;;@
14/10/2016;0,0;P
15/10/2016;0,0;P
16/10/2016;0,0;P
17/10/2016;0,0;P
18/10/2016;0,0;P
19/10/2016;0,0;P
20/10/2016;0,0;P
21/10/2016;0,0;P
22/10/2016;0,0;P
23/10/2016;;@
24/10/2016;;@
25/10/2016;;@
26/10/2016;;@
27/10/2016;;@
28/10/2016;;@
29/10/2016;;@
30/10/2016;;@
31/10/2016;;@
01/11/2016;;@
02/11/2016;;@
03/11/2016;;@
04/11/2016;0,0;P
05/11/2016;0,0;P
06/11/2016;0,0;P
07/11/2016;0,0;P
08/11/2016;0,0;P
09/11/2016;0,0;P
10/11/2016;0,2;P
11/11/2016;0,0;P
12/11/2016;0,0;P
13/11/2016;0,0;P
14/11/2016;0,0;P
15/11/2016;0,0;P
16/11/2016;0,0;P
17/11/2016;0,0;P
18/11/2016;0,2;P
19/11/2016;0,0;P
20/11/2016;0,0;P
21/11/2016;0,0;P
22/11/2016;0,0;P
23/11/2016;0,0;P
24/11/2016;0,0;P
25/11/2016;0,0;P
26/11/2016;0,0;P
27/11/2016;0,0;P
28/11/2016;0,0;P
29/11/2016;0,0;P
30/11/2016;0,0;P
01/12/2016;0,0;P
02/12/2016;0,0;P
03/12/2016;0,0;P
04/12/2016;0,0;P
05/12/2016;0,0;P
06/12/2016;0,2;P
07/12/2016;0,0;P
08/12/2016;0,0;P
09/12/2016;0,0;P
10/12/2016;0,2;P
11/12/2016;0,0;P
12/12/2016;0,2;P
13/12/2016;0,0;P
14/12/2016;0,0;P
15/12/2016;0,2;P
16/12/2016;0,2;P
17/12/2016;0,0;P
18/12/2016;0,0;P
19/12/2016;0,0;P
20/12/2016;0,2;P
21/12/2016;0,0;P
22/12/2016;0,0;P
23/12/2016;0,0;P
24/12/2016;0,2;P
25/12/2016;0,0;P
26/12/2016;0,2;P
27/12/2016;0,0;P
28/12/2016;0,0;P
29/12/2016;0,0;P
30/12/2016;0,0;P
31/12/2016;0,0;P
01/01/2017;0,0;P
02/01/2017;0,4;P
03/01/2017;0,0;P
04/01/2017;0,0;P
05/01/2017;0,0;P
06/01/2017;0,0;P
07/01/2017;0,0;P
08/01/2017;0,0;P
09/01/2017;0,0;P
10/01/2017;0,0;P
11/01/2017;0,0;P
12/01/2017;0,0;P
13/01/2017;0,2;P
14/01/2017;0,4;P
15/01/2017;0,2;P
16/01/2017;0,2;P
17/01/2017;0,0;P
18/01/2017;0,0;P
19/01/2017;0,0;P
20/01/2017;0,0;P
21/01/2017;0,0;P
22/01/2017;0,0;P
23/01/2017;0,0;P
24/01/2017;0,0;P
25/01/2017;0,0;P
26/01/2017;0,0;P
27/01/2017;0,0;P
28/01/2017;0,0;P
29/01/2017;0,0;P
30/01/2017;0,0;P
31/01/2017;0,2;P
01/02/2017;0,0;P
02/02/2017;0,0;P
03/02/2017;0,0;P
04/02/2017;0,0;P
05/02/2017;0,0;P
06/02/2017;0,0;P
07/02/2017;0,0;P
08/02/2017;0,2;P
09/02/2017;0,0;P
10/02/2017;0,0;P
11/02/2017;0,0;P
12/02/2017;0,0;P
13/02/2017;0,0;P
14/02/2017;0,0;P
15/02/2017;0,0;P
16/02/2017;0,0;P
17/02/2017;0,4;P
18/02/2017;5,0;P
19/02/2017;0,0;P
20/02/2017;0,0;P
21/02/2017;0,0;P
22/02/2017;0,0;P
23/02/2017;0,0;P
24/02/2017;3,6;P
25/02/2017;42,0;P
26/02/2017;0,0;P
27/02/2017;0,0;P
28/02/2017;0,0;P
01/03/2017;1,2;P
02/03/2017;1,2;P
03/03/2017;0,0;P
04/03/2017;0,0;P
05/03/2017;17,2;P
06/03/2017;9,4;P
07/03/2017;22,4;P
08/03/2017;0,0;P
09/03/2017;0,0;P
10/03/2017;0,0;P
11/03/2017;0,0;P
12/03/2017;0,0;P
13/03/2017;0,0;P
14/03/2017;0,0;P
15/03/2017;0,0;P
16/03/2017;0,0;P
17/03/2017;0,0;P
18/03/2017;0,0;P
19/03/2017;0,0;P
20/03/2017;0,0;P
21/03/2017;0,0;P
22/03/2017;0,0;P
23/03/2017;1,0;P
24/03/2017;0,0;P
25/03/2017;0,0;P
26/03/2017;2,0;P
27/03/2017;0,8;P
28/03/2017;0,0;P
29/03/2017;0,0;P
30/03/2017;0,0;P
31/03/2017;0,0;P
01/04/2017;0,0;P
02/04/2017;0,0;P
03/04/2017;0,0;P
04/04/2017;0,0;P
05/04/2017;0,6;P
06/04/2017;0,0;P
07/04/2017;4,6;P
08/04/2017;0,0;P
09/04/2017;0,0;P
10/04/2017;0,0;P
11/04/2017;0,0;P
12/04/2017;0,0;P
13/04/2017;0,0;P
14/04/2017;0,0;P
15/04/2017;0,4;P
16/04/2017;0,2;P
17/04/2017;0,0;P
18/04/2017;0,0;P
19/04/2017;2,0;P
20/04/2017;0,0;P
21/04/2017;0,0;P
22/04/2017;0,0;P
23/04/2017;0,0;P
24/04/2017;0,0;P
25/04/2017;0,0;P
26/04/2017;0,0;P
27/04/2017;0,0;P
28/04/2017;13,0;P
29/04/2017;0,0;P
30/04/2017;0,0;P
01/05/2017;0,0;P
02/05/2017;3,0;P
03/05/2017;0,2;P
04/05/2017;2,4;P
05/05/2017;9,4;P
06/05/2017;0,0;P
07/05/2017;0,4;P
08/05/2017;0,4;P
09/05/2017;5,4;P
10/05/2017;0,0;P
11/05/2017;0,0;P
12/05/2017;0,0;P
13/05/2017;0,0;P
14/05/2017;0,0;P
15/05/2017;17,2;P
16/05/2017;0,0;P
17/05/2017;0,0;P
18/05/2017;0,0;P
19/05/2017;0,0;P
20/05/2017;0,2;P
21/05/2017;0,0;P
22/05/2017;0,0;P
23/05/2017;0,0;P
24/05/2017;0,0;P
25/05/2017;0,0;P
26/05/2017;0,0;P
27/05/2017;0,0;P
28/05/2017;0,0;P
29/05/2017;0,0;P
30/05/2017;0,0;P
31/05/2017;0,0;P
01/06/2017;0,0;P
02/06/2017;0,0;P
03/06/2017;0,0;P
04/06/2017;0,0;P
05/06/2017;0,0;P
06/06/2017;0,0;P
07/06/2017;0,2;P
08/06/2017;0,0;P
09/06/2017;0,0;P
10/06/2017;0,0;P
11/06/2017;0,0;P
12/06/2017;0,0;P
13/06/2017;0,0;P
14/06/2017;0,0;P
15/06/2017;0,0;P
16/06/2017;0,0;P
17/06/2017;0,0;P
18/06/2017;0,0;P
19/06/2017;0,0;P
20/06/2017;0,0;P
21/06/2017;0,0;P
22/06/2017;0,0;P
23/06/2017;0,0;P
24/06/2017;0,0;P
25/06/2017;0,0;P
26/06/2017;0,0;P
27/06/2017;0,0;P
28/06/2017;0,0;P
29/06/2017;13,0;P
30/06/2017;0,0;P
01/07/2017;0,4;P
02/07/2017;0,0;P
03/07/2017;0,6;P
04/07/2017;0,0;P
05/07/2017;0,0;P
06/07/2017;0,0;P
07/07/2017;0,0;P
08/07/2017;0,0;P
09/07/2017;0,0;P
10/07/2017;0,0;P
11/07/2017;0,0;P
12/07/2017;0,0;P
13/07/2017;0,0;P
14/07/2017;0,0;P
15/07/2017;0,0;P
16/07/2017;0,0;P
17/07/2017;0,0;P
18/07/2017;0,0;P
19/07/2017;0,0;P
20/07/2017;0,0;P
21/07/2017;0,0;P
22/07/2017;0,0;P
23/07/2017;0,0;P
24/07/2017;0,0;P
25/07/2017;0,0;P
26/07/2017;7,2;P
27/07/2017;0,0;P
28/07/2017;0,0;P
29/07/2017;0,0;P
30/07/2017;0,0;P
31/07/2017;0,0;P
01/08/2017;0,0;P
02/08/2017;0,0;P
03/08/2017;0,0;P
04/08/2017;0,0;P
05/08/2017;0,0;P
06/08/2017;0,0;P
07/08/2017;0,0;P
08/08/2017;0,0;P
09/08/2017;0,0;P
10/08/2017;0,2;P
11/08/2017;21,0;P
12/08/2017;2,6;P
13/08/2017;0,0;P
14/08/2017;0,0;P
15/08/2017;0,0;P
16/08/2017;0,0;P
17/08/2017;0,0;P
18/08/2017;0,0;P
19/08/2017;0,0;P
20/08/2017;0,0;P
21/08/2017;0,0;P
22/08/2017;0,0;P
23/08/2017;0,0;P
24/08/2017;0,0;P
25/08/2017;0,0;P
26/08/2017;0,0;P
27/08/2017;0,0;P
28/08/2017;0,0;P
29/08/2017;0,0;P
30/08/2017;0,0;P
31/08/2017;0,0;P
01/09/2017;3,2;P
02/09/2017;0,0;P
03/09/2017;5,8;P
04/09/2017;0,0;P
05/09/2017;0,0;P
06/09/2017;0,0;P
07/09/2017;0,0;P
08/09/2017;25,8;P
09/09/2017;0,0;P
10/09/2017;24,8;P
11/09/2017;2,4;P
12/09/2017;0,0;P
13/09/2017;0,0;P
14/09/2017;0,2;P
15/09/2017;0,0;P
16/09/2017;4,6;P
17/09/2017;0,2;P
18/09/2017;1,0;P
19/09/2017;10,4;P
20/09/2017;0,0;P
21/09/2017;0,2;P
22/09/2017;0,0;P
23/09/2017;0,0;P
24/09/2017;0,2;P
25/09/2017;8,8;P
26/09/2017;0,0;P
27/09/2017;0,0;P
28/09/2017;0,0;P
29/09/2017;0,0;P
30/09/2017;0,0;P
01/10/2017;0,2;P
02/10/2017;2,0;P
03/10/2017;0,2;P
04/10/2017;0,0;P
05/10/2017;0,0;P
06/10/2017;0,0;P
07/10/2017;0,0;P
08/10/2017;0,0;P
09/10/2017;0,2;P
10/10/2017;0,0;P
11/10/2017;0,2;P
12/10/2017;0,0;P
13/10/2017;0,2;P
14/10/2017;0,2;P
15/10/2017;0,2;P
16/10/2017;0,2;P
17/10/2017;0,0;P
18/10/2017;0,0;P
19/10/2017;0,0;P
20/10/2017;0,0;P
21/10/2017;0,0;P
22/10/2017;0,0;P
23/10/2017;6,0;P
24/10/2017;0,0;P
25/10/2017;0,0;P
26/10/2017;0,0;P
27/10/2017;0,0;P
28/10/2017;0,0;P
29/10/2017;0,0;P
30/10/2017;0,0;P
31/10/2017;0,0;P
01/11/2017;0,0;P
02/11/2017;0,0;P
03/11/2017;1,4;P
04/11/2017;0,4;P
05/11/2017;0,0;P
06/11/2017;31,6;P
07/11/2017;17,8;P
08/11/2017;0,2;P
09/11/2017;0,0;P
10/11/2017;0,0;P
11/11/2017;0,2;P
12/11/2017;0,0;P
13/11/2017;33,6;P
14/11/2017;13,4;P
15/11/2017;0,0;P
16/11/2017;0,0;P
17/11/2017;0,0;P
18/11/2017;0,0;P
19/11/2017;0,0;P
20/11/2017;0,2;P
21/11/2017;0,0;P
22/11/2017;0,0;P
23/11/2017;0,0;P
24/11/2017;0,0;P
25/11/2017;0,0;P
26/11/2017;2,0;P
27/11/2017;4,2;P
28/11/2017;0,0;P
29/11/2017;20,4;P
30/11/2017;13,2;P
01/12/2017;0,0;P
02/12/2017;0,2;P
03/12/2017;0,0;P
04/12/2017;0,0;P
05/12/2017;0,0;P
06/12/2017;0,0;P
07/12/2017;0,0;P
08/12/2017;5,4;P
09/12/2017;19,8;P
10/12/2017;0,0;P
11/12/2017;7,0;P
12/12/2017;21,2;P
13/12/2017;14,0;P
14/12/2017;3,8;P
15/12/2017;7,2;P
16/12/2017;10,6;P
17/12/2017;0,8;P
18/12/2017;0,0;P
19/12/2017;0,2;P
20/12/2017;0,0;P
21/12/2017;0,0;P
22/12/2017;0,0;P
23/12/2017;0,0;P
24/12/2017;0,0;P
25/12/2017;0,0;P
26/12/2017;0,4;P
27/12/2017;0,2;P
28/12/2017;34,2;P
29/12/2017;2,4;P
30/12/2017;1,8;P
31/12/2017;0,2;P
01/01/2018;0,6;P
02/01/2018;23,0;P
03/01/2018;0,2;P
04/01/2018;7,4;P
05/01/2018;1,6;P
06/01/2018;0,8;P
07/01/2018;0,2;P
08/01/2018;0,0;P
09/01/2018;2,0;P
10/01/2018;0,8;P
11/01/2018;0,0;P
12/01/2018;4,8;P
13/01/2018;0,0;P
14/01/2018;0,0;P
15/01/2018;0,0;P
16/01/2018;2,8;P
17/01/2018;9,0;P
18/01/2018;0,6;P
19/01/2018;2,4;P
20/01/2018;1,4;P
21/01/2018;10,8;P
22/01/2018;0,0;P
23/01/2018;0,0;P
24/01/2018;0,0;P
25/01/2018;0,0;P
26/01/2018;0,0;P
27/01/2018;0,0;P
28/01/2018;0,2;P
29/01/2018;0,0;P
30/01/2018;0,0;P
31/01/2018;0,0;P
01/02/2018;11,0;P
02/02/2018;34,2;P
03/02/2018;22,0;P
04/02/2018;1,6;P
05/02/2018;0,2;P
06/02/2018;0,0;P
07/02/2018;0,6;P
08/02/2018;0,0;P
09/02/2018;0,0;P
10/02/2018;0,0;P
11/02/2018;0,0;P
12/02/2018;0,0;P
13/02/2018;0,0;P
14/02/2018;0,0;P
15/02/2018;0,0;P
16/02/2018;0,0;P
17/02/2018;0,0;P
18/02/2018;0,0;P
19/02/2018;0,0;P
20/02/2018;0,0;P
21/02/2018;0,0;P
22/02/2018;0,0;P
23/02/2018;3,0;P
24/02/2018;1,2;P
25/02/2018;0,2;P
26/02/2018;0,0;P
27/02/2018;0,0;P
28/02/2018;0,0;P
01/03/2018;0,0;P
02/03/2018;0,4;P
03/03/2018;22,0;P
04/03/2018;14,2;P
05/03/2018;5,6;P
06/03/2018;6,6;P
07/03/2018;18,4;P
08/03/2018;3,4;P
09/03/2018;0,0;P
10/03/2018;0,0;P
11/03/2018;8,4;P
12/03/2018;17,8;P
13/03/2018;25,0;P
14/03/2018;5,6;P
15/03/2018;0,0;P
16/03/2018;18,6;P
17/03/2018;8,4;P
18/03/2018;1,6;P
19/03/2018;15,2;P
20/03/2018;5,2;P
21/03/2018;0,2;P
22/03/2018;0,0;P
23/03/2018;0,0;P
24/03/2018;0,0;P
25/03/2018;0,0;P
26/03/2018;0,0;P
27/03/2018;0,0;P
28/03/2018;0,0;P
29/03/2018;0,0;P
30/03/2018;1,8;P
31/03/2018;0,2;P
01/04/2018;14,2;P
02/04/2018;0,0;P
03/04/2018;0,0;P
04/04/2018;8,6;P
05/04/2018;9,0;P
06/04/2018;0,0;P
07/04/2018;0,0;P
08/04/2018;0,0;P
09/04/2018;3,4;P
10/04/2018;6,2;P
11/04/2018;0,6;P
12/04/2018;1,0;P
13/04/2018;3,8;P
14/04/2018;0,0;P
15/04/2018;0,0;P
16/04/2018;0,0;P
17/04/2018;0,0;P
18/04/2018;0,0;P
19/04/2018;0,0;P
20/04/2018;0,0;P
21/04/2018;0,0;P
22/04/2018;0,0;P
23/04/2018;0,0;P
24/04/2018;0,0;P
25/04/2018;0,0;P
26/04/2018;0,0;P
27/04/2018;0,0;P
28/04/2018;0,0;P
29/04/2018;0,0;P
30/04/2018;0,2;P
01/05/2018;0,0;P
02/05/2018;27,4;P
03/05/2018;0,0;P
04/05/2018;6,0;P
05/05/2018;0,0;P
06/05/2018;0,0;P
07/05/2018;0,6;P
08/05/2018;9,4;P
09/05/2018;0,4;P
10/05/2018;0,0;P
11/05/2018;0,2;P
12/05/2018;0,0;P
13/05/2018;0,0;P
14/05/2018;12,8;P
15/05/2018;1,8;P
16/05/2018;12,6;P
17/05/2018;2,2;P
18/05/2018;0,4;P
19/05/2018;0,0;P
20/05/2018;0,0;P
21/05/2018;0,6;P
22/05/2018;19,8;P
23/05/2018;7,2;P
24/05/2018;0,0;P
25/05/2018;0,0;P
26/05/2018;0,8;P
27/05/2018;0,0;P
28/05/2018;0,0;P
29/05/2018;0,0;P
30/05/2018;0,0;P
31/05/2018;0,2;P
01/06/2018;0,0;P
02/06/2018;0,0;P
03/06/2018;0,0;P
04/06/2018;0,0;P
05/06/2018;0,0;P
06/06/2018;0,0;P
07/06/2018;0,0;P
08/06/2018;12,2;P
09/06/2018;1,8;P
10/06/2018;0,2;P
11/06/2018;0,0;P
12/06/2018;0,0;P
13/06/2018;0,0;P
14/06/2018;12,4;P
15/06/2018;0,0;P
16/06/2018;0,0;P
17/06/2018;0,0;P
18/06/2018;0,0;P
19/06/2018;0,0;P
20/06/2018;0,0;P
21/06/2018;0,0;P
22/06/2018;0,0;P
23/06/2018;8,8;P
24/06/2018;0,0;P
25/06/2018;0,0;P
26/06/2018;0,0;P
27/06/2018;0,0;P
28/06/2018;0,0;P
29/06/2018;0,0;P
30/06/2018;0,0;P
01/07/2018;0,0;P
02/07/2018;0,0;P
03/07/2018;0,0;P
04/07/2018;0,0;P
05/07/2018;0,0;P
06/07/2018;0,0;P
07/07/2018;0,0;P
08/07/2018;0,0;P
09/07/2018;0,0;P
10/07/2018;0,0;P
11/07/2018;0,0;P
12/07/2018;0,0;P
13/07/2018;0,0;P
14/07/2018;0,0;P
15/07/2018;0,0;P
16/07/2018;0,0;P
17/07/2018;11,4;P
18/07/2018;0,0;P
19/07/2018;0,0;P
20/07/2018;0,0;P
21/07/2018;0,0;P
22/07/2018;0,0;P
23/07/2018;25,4;P
24/07/2018;0,0;P
25/07/2018;0,0;P
26/07/2018;0,0;P
27/07/2018;0,2;P
28/07/2018;0,0;P
29/07/2018;0,0;P
30/07/2018;0,0;P
31/07/2018;0,0;P
01/08/2018;0,0;P
02/08/2018;0,0;P
03/08/2018;0,6;P
04/08/2018;0,0;P
05/08/2018;0,0;P
06/08/2018;0,0;P
07/08/2018;0,0;P
08/08/2018;33,0;P
09/08/2018;15,4;P
10/08/2018;0,0;P
11/08/2018;0,0;P
12/08/2018;0,0;P
13/08/2018;0,0;P
14/08/2018;17,0;P
15/08/2018;0,0;P
16/08/2018;0,0;P
17/08/2018;0,0;P
18/08/2018;0,0;P
19/08/2018;0,0;P
20/08/2018;0,0;P
21/08/2018;0,0;P
22/08/2018;0,0;P
23/08/2018;3,2;P
24/08/2018;1,2;P
25/08/2018;0,0;P
26/08/2018;5,6;P
27/08/2018;0,0;P
28/08/2018;0,0;P
29/08/2018;0,0;P
30/08/2018;0,0;P
31/08/2018;0,0;P
01/09/2018;4,2;P
02/09/2018;3,2;P
03/09/2018;0,4;P
04/09/2018;0,0;P
05/09/2018;0,0;P
06/09/2018;0,0;P
07/09/2018;2,0;P
08/09/2018;0,2;P
09/09/2018;0,0;P
10/09/2018;0,0;P
11/09/2018;0,0;P
12/09/2018;0,0;P
13/09/2018;0,0;P
14/09/2018;0,0;P
15/09/2018;0,0;P
16/09/2018;0,0;P
17/09/2018;0,0;P
18/09/2018;0,0;P
19/09/2018;0,6;P
20/09/2018;0,0;P
21/09/2018;0,0;P
22/09/2018;0,0;P
23/09/2018;0,0;P
24/09/2018;0,0;P
25/09/2018;0,0;P
26/09/2018;0,0;P
27/09/2018;0,0;P
28/09/2018;0,0;P
29/09/2018;0,0;P
30/09/2018;0,0;P
01/10/2018;4,0;P
02/10/2018;9,8;P
03/10/2018;0,6;P
04/10/2018;0,0;P
05/10/2018;0,0;P
06/10/2018;2,2;P
07/10/2018;7,0;P
08/10/2018;0,2;P
09/10/2018;0,0;P
10/10/2018;0,0;P
11/10/2018;0,0;P
12/10/2018;0,0;P
13/10/2018;0,0;P
14/10/2018;0,0;P
15/10/2018;0,0;P
16/10/2018;0,0;P
17/10/2018;2,2;P
18/10/2018;0,0;P
19/10/2018;0,0;P
20/10/2018;0,0;P
21/10/2018;0,0;P
22/10/2018;0,0;P
23/10/2018;0,0;P
24/10/2018;0,0;P
25/10/2018;0,0;P
26/10/2018;0,0;P
27/10/2018;0,0;P
28/10/2018;1,2;P
29/10/2018;44,0;P
30/10/2018;13,2;P
31/10/2018;14,8;P
01/11/2018;13,6;P
02/11/2018;8,0;P
03/11/2018;0,2;P
04/11/2018;0,0;P
05/11/2018;9,6;P
06/11/2018;1,2;P
07/11/2018;8,2;P
08/11/2018;1,6;P
09/11/2018;0,2;P
10/11/2018;0,2;P
11/11/2018;0,0;P
12/11/2018;0,6;P
13/11/2018;0,2;P
14/11/2018;0,2;P
15/11/2018;0,0;P
16/11/2018;0,0;P
17/11/2018;0,8;P
18/11/2018;0,6;P
19/11/2018;0,0;P
20/11/2018;6,0;P
21/11/2018;3,6;P
22/11/2018;3,4;P
23/11/2018;1,0;P
24/11/2018;3,0;P
25/11/2018;15,8;P
26/11/2018;12,0;P
27/11/2018;0,4;P
28/11/2018;0,0;P
29/11/2018;0,0;P
30/11/2018;0,0;P
01/12/2018;0,0;P
02/12/2018;0,0;P
03/12/2018;11,0;P
04/12/2018;8,4;P
05/12/2018;0,2;P
06/12/2018;0,4;P
07/12/2018;11,8;P
08/12/2018;11,4;P
09/12/2018;1,4;P
10/12/2018;0,6;P
11/12/2018;0,0;P
12/12/2018;0,0;P
13/12/2018;0,0;P
14/12/2018;0,0;P
15/12/2018;0,0;P
16/12/2018;0,0;P
17/12/2018;0,0;P
18/12/2018;0,2;P
19/12/2018;0,0;P
20/12/2018;6,8;P
21/12/2018;0,0;P
22/12/2018;5,6;P
23/12/2018;1,2;P
24/12/2018;0,2;P
25/12/2018;0,0;P
26/12/2018;0,0;P
27/12/2018;0,0;P
28/12/2018;0,0;P
29/12/2018;0,0;P
30/12/2018;0,2;P
31/12/2018;0,0;P
01/01/2019;0,0;P
02/01/2019;0,0;P
03/01/2019;0,0;P
04/01/2019;0,0;P
05/01/2019;0,0;P
06/01/2019;0,0;P
07/01/2019;0,0;P
08/01/2019;0,2;P
09/01/2019;0,0;P
10/01/2019;0,2;P
11/01/2019;0,0;P
12/01/2019;0,0;P
13/01/2019;0,0;P
14/01/2019;0,0;P
15/01/2019;0,0;P
16/01/2019;0,0;P
17/01/2019;2,8;P
18/01/2019;4,6;P
19/01/2019;0,0;P
20/01/2019;0,2;P
21/01/2019;0,0;P
22/01/2019;0,0;P
23/01/2019;0,8;P
24/01/2019;4,4;P
25/01/2019;0,0;P
26/01/2019;0,0;P
27/01/2019;0,0;P
28/01/2019;2,6;P
29/01/2019;0,2;P
30/01/2019;0,0;P
31/01/2019;7,6;P
01/02/2019;5,4;P
02/02/2019;14,0;P
03/02/2019;21,8;P
04/02/2019;0,0;P
05/02/2019;0,0;P
06/02/2019;0,0;P
07/02/2019;0,0;P
08/02/2019;0,0;P
09/02/2019;;@
10/02/2019;;@
11/02/2019;;@
12/02/2019;0,0;P
13/02/2019;0,0;P
14/02/2019;0,0;P
15/02/2019;0,0;P
16/02/2019;0,0;P
17/02/2019;0,0;P
18/02/2019;0,0;P
19/02/2019;0,0;P
20/02/2019;0,0;P
21/02/2019;0,0;P
22/02/2019;0,0;P
23/02/2019;0,0;P
24/02/2019;0,0;P
25/02/2019;0,0;P
26/02/2019;0,0;P
27/02/2019;0,0;P
28/02/2019;0,0;P
01/03/2019;0,0;P
02/03/2019;0,0;P
03/03/2019;0,0;P
04/03/2019;0,0;P
05/03/2019;0,0;P
06/03/2019;0,0;P
07/03/2019;0,0;P
08/03/2019;0,0;P
09/03/2019;0,0;P
10/03/2019;0,0;P
11/03/2019;0,0;P
12/03/2019;5,8;P
13/03/2019;1,8;P
14/03/2019;0,4;P
15/03/2019;0,0;P
16/03/2019;0,0;P
17/03/2019;0,0;P
18/03/2019;0,2;P
19/03/2019;0,0;P
20/03/2019;0,0;P
21/03/2019;0,0;P
22/03/2019;0,0;P
23/03/2019;0,0;P
24/03/2019;0,0;P
25/03/2019;0,0;P
26/03/2019;0,0;P
27/03/2019;0,0;P
28/03/2019;0,0;P
29/03/2019;0,0;P
30/03/2019;0,0;P
31/03/2019;0,0;P
01/04/2019;0,0;P
02/04/2019;0,0;P
03/04/2019;0,6;P
04/04/2019;0,4;P
05/04/2019;19,6;P
06/04/2019;0,0;P
07/04/2019;0,0;P
08/04/2019;0,4;P
09/04/2019;0,0;P
10/04/2019;0,0;P
11/04/2019;0,0;P
12/04/2019;0,2;P
13/04/2019;0,6;P
14/04/2019;1,2;P
15/04/2019;14,4;P
16/04/2019;0,0;P
17/04/2019;0,0;P
18/04/2019;0,0;P
19/04/2019;0,0;P
20/04/2019;0,0;P
21/04/2019;0,0;P
22/04/2019;0,0;P
23/04/2019;17,2;P
24/04/2019;5,2;P
25/04/2019;0,2;P
26/04/2019;0,0;P
27/04/2019;6,4;P
28/04/2019;0,0;P
29/04/2019;7,6;P
30/04/2019;0,0;P
01/05/2019;0,2;P
02/05/2019;0,0;P
03/05/2019;0,0;P
04/05/2019;15,8;P
05/05/2019;2,6;P
06/05/2019;13,4;P
07/05/2019;0,0;P
08/05/2019;0,0;P
09/05/2019;13,0;P
10/05/2019;0,0;P
11/05/2019;0,2;P
12/05/2019;6,8;P
13/05/2019;2,0;P
14/05/2019;0,0;P
15/05/2019;0,0;P
16/05/2019;0,0;P
17/05/2019;0,0;P
18/05/2019;3,4;P
19/05/2019;9,6;P
20/05/2019;13,0;P
21/05/2019;8,2;P
22/05/2019;0,6;P
23/05/2019;0,0;P
24/05/2019;0,0;P
25/05/2019;0,0;P
26/05/2019;11,6;P
27/05/2019;7,8;P
28/05/2019;3,0;P
29/05/2019;24,6;P
30/05/2019;2,8;P
31/05/2019;0,0;P
01/06/2019;0,0;P
02/06/2019;0,0;P
03/06/2019;0,0;P
04/06/2019;0,0;P
05/06/2019;0,0;P
06/06/2019;0,0;P
07/06/2019;0,0;P
08/06/2019;0,0;P
09/06/2019;0,0;P
10/06/2019;0,0;P
11/06/2019;0,0;P
12/06/2019;0,0;P
13/06/2019;0,0;P
14/06/2019;0,0;P
15/06/2019;1,6;P
16/06/2019;0,0;P
17/06/2019;0,0;P
18/06/2019;0,0;P
19/06/2019;0,0;P
20/06/2019;0,0;P
21/06/2019;0,0;P
22/06/2019;0,2;P
23/06/2019;0,0;P
24/06/2019;0,0;P
25/06/2019;0,0;P
26/06/2019;0,0;P
27/06/2019;0,0;P
28/06/2019;0,0;P
29/06/2019;0,0;P
30/06/2019;0,0;P
01/07/2019;0,0;P
02/07/2019;0,0;P
03/07/2019;0,0;P
04/07/2019;0,0;P
05/07/2019;0,0;P
06/07/2019;0,0;P
07/07/2019;0,0;P
08/07/2019;7,2;P
09/07/2019;0,0;P
10/07/2019;0,0;P
11/07/2019;0,0;P
12/07/2019;0,6;P
13/07/2019;0,0;P
14/07/2019;0,0;P
15/07/2019;4,8;P
16/07/2019;10,0;P
17/07/2019;0,0;P
18/07/2019;0,0;P
19/07/2019;0,0;P
20/07/2019;0,0;P
21/07/2019;0,0;P
22/07/2019;0,0;P
23/07/2019;0,0;P
24/07/2019;0,0;P
25/07/2019;0,0;P
26/07/2019;0,0;P
27/07/2019;0,0;P
28/07/2019;27,4;P
29/07/2019;0,0;P
30/07/2019;0,0;P
31/07/2019;0,0;P
01/08/2019;0,2;P
02/08/2019;0,0;P
03/08/2019;0,0;P
04/08/2019;0,0;P
05/08/2019;0,0;P
06/08/2019;0,0;P
07/08/2019;0,0;P
08/08/2019;0,0;P
09/08/2019;0,0;P
10/08/2019;0,0;P
11/08/2019;0,0;P
12/08/2019;0,0;P
13/08/2019;0,0;P
14/08/2019;0,0;P
15/08/2019;0,0;P
16/08/2019;0,0;P
17/08/2019;0,0;P
18/08/2019;0,0;P
19/08/2019;0,0;P
20/08/2019;0,0;P
21/08/2019;0,0;P
22/08/2019;0,0;P
23/08/2019;9,8;P
24/08/2019;25,0;P
25/08/2019;0,2;P
26/08/2019;0,4;P
27/08/2019;0,6;P
28/08/2019;0,0;P
29/08/2019;1,0;P
30/08/2019;0,0;P
31/08/2019;0,0;P
01/09/2019;0,0;P
02/09/2019;0,2;P
03/09/2019;6,0;P
04/09/2019;0,0;P
05/09/2019;0,0;P
06/09/2019;0,0;P
07/09/2019;5,0;P
08/09/2019;0,0;P
09/09/2019;5,2;P
10/09/2019;0,0;P
11/09/2019;0,0;P
12/09/2019;0,0;P
13/09/2019;0,0;P
14/09/2019;0,0;P
15/09/2019;0,0;P
16/09/2019;0,0;P
17/09/2019;0,0;P
18/09/2019;0,0;P
19/09/2019;3,0;P
20/09/2019;0,0;P
21/09/2019;0,0;P
22/09/2019;5,8;P
23/09/2019;20,2;P
24/09/2019;27,4;P
25/09/2019;4,0;P
26/09/2019;0,6;P
27/09/2019;0,2;P
28/09/2019;0,0;P
29/09/2019;0,0;P
30/09/2019;0,8;P
01/10/2019;0,2;P
02/10/2019;0,2;P
03/10/2019;28,6;P
04/10/2019;0,0;P
05/10/2019;0,2;P
06/10/2019;0,2;P
07/10/2019;0,4;P
08/10/2019;0,0;P
09/10/2019;0,2;P
10/10/2019;0,4;P
11/10/2019;0,0;P
12/10/2019;0,2;P
13/10/2019;0,0;P
14/10/2019;0,0;P
15/10/2019;0,0;P
16/10/2019;4,8;P
17/10/2019;0,2;P
18/10/2019;0,0;P
19/10/2019;0,0;P
20/10/2019;0,2;P
21/10/2019;0,0;P
22/10/2019;0,2;P
23/10/2019;0,2;P
24/10/2019;0,6;P
25/10/2019;12,2;P
26/10/2019;0,0;P
27/10/2019;0,2;P
28/10/2019;0,4;P
29/10/2019;0,0;P
30/10/2019;7,6;P
31/10/2019;3,2;P
01/11/2019;2,8;P
02/11/2019;0,0;P
03/11/2019;13,6;P
04/11/2019;17,0;P
05/11/2019;2,0;P
06/11/2019;42,8;P
07/11/2019;14,2;P
08/11/2019;13,0;P
09/11/2019;22,2;P
10/11/2019;0,2;P
11/11/2019;1,2;P
12/11/2019;0,8;P
13/11/2019;19,4;P
14/11/2019;0,8;P
15/11/2019;4,2;P
16/11/2019;18,2;P
17/11/2019;70,8;P
18/11/2019;1,0;P
19/11/2019;12,4;P
20/11/2019;1,0;P
21/11/2019;0,6;P
22/11/2019;0,4;P
23/11/2019;0,0;P
24/11/2019;5,6;P
25/11/2019;0,4;P
26/11/2019;0,2;P
27/11/2019;0,0;P
28/11/2019;9,8;P
29/11/2019;11,8;P
30/11/2019;8,6;P
01/12/2019;0,2;P
02/12/2019;4,0;P
03/12/2019;28,4;P
04/12/2019;0,0;P
05/12/2019;0,0;P
06/12/2019;0,4;P
07/12/2019;5,6;P
08/12/2019;0,0;P
09/12/2019;2,6;P
10/12/2019;5,6;P
11/12/2019;0,0;P
12/12/2019;2,8;P
13/12/2019;2,4;P
14/12/2019;23,2;P
15/12/2019;0,0;P
16/12/2019;0,0;P
17/12/2019;0,0;P
18/12/2019;0,0;P
19/12/2019;0,0;P
20/12/2019;0,0;P
21/12/2019;24,4;P
22/12/2019;36,0;P
23/12/2019;5,6;P
24/12/2019;0,0;P
25/12/2019;0,0;P
26/12/2019;0,2;P
27/12/2019;0,0;P
28/12/2019;0,0;P
29/12/2019;0,0;P
30/12/2019;0,0;P
31/12/2019;0,0;P
01/01/2020;0,0;P
02/01/2020;0,0;P
03/01/2020;0,2;P
04/01/2020;1,6;P
05/01/2020;0,0;P
06/01/2020;0,0;P
07/01/2020;0,0;P
08/01/2020;0,0;P
09/01/2020;0,0;P
10/01/2020;0,0;P
11/01/2020;0,0;P
12/01/2020;0,0;P
13/01/2020;0,0;P
14/01/2020;0,0;P
15/01/2020;0,0;P
16/01/2020;0,0;P
17/01/2020;0,2;P
18/01/2020;13,0;P
19/01/2020;2,6;P
20/01/2020;0,0;P
21/01/2020;0,0;P
22/01/2020;0,0;P
23/01/2020;0,0;P
24/01/2020;0,2;P
25/01/2020;14,4;P
26/01/2020;5,2;P
27/01/2020;0,4;P
28/01/2020;5,6;P
29/01/2020;13,0;P
30/01/2020;0,0;P
31/01/2020;1,0;P
01/02/2020;3,6;P
02/02/2020;9,8;P
03/02/2020;1,6;P
04/02/2020;0,4;P
05/02/2020;0,8;P
06/02/2020;0,0;P
07/02/2020;0,0;P
08/02/2020;0,0;P
09/02/2020;0,0;P
10/02/2020;0,4;P
11/02/2020;0,2;P
12/02/2020;0,0;P
13/02/2020;0,0;P
14/02/2020;16,0;P
15/02/2020;0,0;P
16/02/2020;0,0;P
17/02/2020;0,0;P
18/02/2020;2,0;P
19/02/2020;0,2;P
20/02/2020;0,2;P
21/02/2020;0,0;P
22/02/2020;0,0;P
23/02/2020;0,0;P
24/02/2020;0,0;P
25/02/2020;0,0;P
26/02/2020;0,0;P
27/02/2020;1,2;P
28/02/2020;11,6;P
29/02/2020;0,0;P
01/03/2020;0,0;P
02/03/2020;23,2;P
03/03/2020;20,4;P
04/03/2020;7,6;P
05/03/2020;0,0;P
06/03/2020;8,4;P
07/03/2020;1,2;P
08/03/2020;0,2;P
09/03/2020;0,0;P
10/03/2020;2,0;P
11/03/2020;0,0;P
12/03/2020;0,0;P
13/03/2020;0,0;P
14/03/2020;0,0;P
15/03/2020;0,0;P
16/03/2020;0,0;P
17/03/2020;0,0;P
18/03/2020;0,0;P
19/03/2020;0,0;P
20/03/2020;0,0;P
21/03/2020;0,0;P
22/03/2020;0,0;P
23/03/2020;0,0;P
24/03/2020;0,0;P
25/03/2020;2,8;P
26/03/2020;4,4;P
27/03/2020;0,0;P
28/03/2020;0,0;P
29/03/2020;0,0;P
30/03/2020;0,0;P
31/03/2020;0,0;P
01/04/2020;0,0;P
02/04/2020;0,0;P
03/04/2020;0,0;P
04/04/2020;0,0;P
05/04/2020;0,0;P
06/04/2020;0,0;P
07/04/2020;0,0;P
08/04/2020;0,0;P
09/04/2020;0,0;P
10/04/2020;0,0;P
11/04/2020;0,0;P
12/04/2020;0,0;P
13/04/2020;0,0;P
14/04/2020;2,2;P
15/04/2020;0,0;P
16/04/2020;0,0;P
17/04/2020;0,0;P
18/04/2020;0,0;P
19/04/2020;0,0;P
20/04/2020;7,6;P
21/04/2020;15,0;P
22/04/2020;3,4;P
23/04/2020;0,0;P
24/04/2020;0,0;P
25/04/2020;0,0;P
26/04/2020;0,0;P
27/04/2020;0,0;P
28/04/2020;0,0;P
29/04/2020;17,2;P
30/04/2020;4,4;P
01/05/2020;1,4;P
02/05/2020;3,4;P
03/05/2020;0,0;P
04/05/2020;0,0;P
05/05/2020;0,0;P
06/05/2020;0,0;P
07/05/2020;0,0;P
08/05/2020;0,0;P
09/05/2020;0,0;P
10/05/2020;0,0;P
11/05/2020;1,8;P
12/05/2020;9,8;P
13/05/2020;3,2;P
14/05/2020;0,0;P
15/05/2020;3,4;P
16/05/2020;0,6;P
17/05/2020;0,0;P
18/05/2020;0,0;P
19/05/2020;4,4;P
20/05/2020;31,6;P
21/05/2020;0,2;P
22/05/2020;0,0;P
23/05/2020;0,0;P
24/05/2020;1,4;P
25/05/2020;0,0;P
26/05/2020;0,0;P
27/05/2020;0,0;P
28/05/2020;0,0;P
29/05/2020;11,0;P
30/05/2020;0,0;P
31/05/2020;0,0;P
01/06/2020;0,0;P
02/06/2020;0,0;P
03/06/2020;0,0;P
04/06/2020;0,0;P
05/06/2020;13,2;P
06/06/2020;0,0;P
07/06/2020;0,0;P
08/06/2020;1,0;P
09/06/2020;1,2;P
10/06/2020;7,8;P
11/06/2020;4,6;P
12/06/2020;0,0;P
13/06/2020;0,0;P
14/06/2020;24,6;P
15/06/2020;0,2;P
16/06/2020;3,0;P
17/06/2020;4,8;P
18/06/2020;1,2;P
19/06/2020;0,0;P
20/06/2020;0,0;P
21/06/2020;0,0;P
22/06/2020;0,0;P
23/06/2020;0,0;P
24/06/2020;0,0;P
25/06/2020;0,0;P
26/06/2020;0,0;P
27/06/2020;0,0;P
28/06/2020;0,0;P
29/06/2020;0,0;P
30/06/2020;0,0;P
01/07/2020;0,0;P
02/07/2020;0,0;P
03/07/2020;0,0;P
04/07/2020;1,2;P
05/07/2020;0,0;P
06/07/2020;0,0;P
07/07/2020;0,0;P
08/07/2020;0,0;P
09/07/2020;0,0;P
10/07/2020;0,0;P
11/07/2020;0,0;P
12/07/2020;0,0;P
13/07/2020;0,0;P
14/07/2020;0,0;P
15/07/2020;0,0;P
16/07/2020;12,2;P
17/07/2020;0,0;P
18/07/2020;4,4;P
19/07/2020;0,0;P
20/07/2020;0,0;P
21/07/2020;0,0;P
22/07/2020;0,0;P
23/07/2020;0,2;P
24/07/2020;0,0;P
25/07/2020;2,6;P
26/07/2020;0,0;P
27/07/2020;0,0;P
28/07/2020;0,0;P
29/07/2020;0,0;P
30/07/2020;0,0;P
31/07/2020;0,0;P
01/08/2020;0,0;P
02/08/2020;0,0;P
03/08/2020;0,0;P
04/08/2020;0,0;P
05/08/2020;21,4;P
06/08/2020;0,0;P
07/08/2020;0,0;P
08/08/2020;0,0;P
09/08/2020;0,0;P
10/08/2020;0,0;P
11/08/2020;0,0;P
12/08/2020;0,0;P
13/08/2020;0,0;P
14/08/2020;0,0;P
15/08/2020;0,0;P
16/08/2020;0,0;P
17/08/2020;0,0;P
18/08/2020;0,0;P
19/08/2020;0,6;P
20/08/2020;0,0;P
21/08/2020;0,0;P
22/08/2020;0,0;P
23/08/2020;0,0;P
24/08/2020;0,0;P
25/08/2020;1,2;P
26/08/2020;0,0;P
27/08/2020;0,0;P
28/08/2020;0,0;P
29/08/2020;0,0;P
30/08/2020;11,4;P
31/08/2020;17,4;P
01/09/2020;14,6;P
02/09/2020;0,2;P
03/09/2020;0,0;P
04/09/2020;0,0;P
05/09/2020;0,0;P
06/09/2020;0,0;P
07/09/2020;0,0;P
08/09/2020;0,0;P
09/09/2020;0,0;P
10/09/2020;0,0;P
11/09/2020;6,0;P
12/09/2020;0,0;P
13/09/2020;0,0;P
14/09/2020;0,0;P
15/09/2020;0,0;P
16/09/2020;0,0;P
17/09/2020;0,0;P
18/09/2020;0,0;P
19/09/2020;0,0;P
20/09/2020;2,2;P
21/09/2020;6,4;P
22/09/2020;2,2;P
23/09/2020;8,6;P
24/09/2020;2,6;P
25/09/2020;89,0;P
26/09/2020;2,0;P
27/09/2020;3,0;P
28/09/2020;1,6;P
29/09/2020;0,4;P
30/09/2020;0,2;P
01/10/2020;0,2;P
02/10/2020;0,4;P
03/10/2020;8,0;P
04/10/2020;9,8;P
05/10/2020;17,0;P
06/10/2020;0,4;P
07/10/2020;26,4;P
08/10/2020;1,8;P
09/10/2020;0,0;P
10/10/2020;0,0;P
11/10/2020;5,0;P
12/10/2020;56,4;P
13/10/2020;0,2;P
14/10/2020;0,8;P
15/10/2020;18,4;P
16/10/2020;16,2;P
17/10/2020;1,2;P
18/10/2020;0,2;P
19/10/2020;0,2;P
20/10/2020;0,2;P
21/10/2020;0,0;P
22/10/2020;0,2;P
23/10/2020;0,0;P
24/10/2020;2,0;P
25/10/2020;3,4;P
26/10/2020;0,4;P
27/10/2020;27,6;P
28/10/2020;0,0;P
29/10/2020;0,2;P
30/10/2020;0,2;P
31/10/2020;0,0;P
01/11/2020;0,0;P
02/11/2020;0,2;P
03/11/2020;1,6;P
04/11/2020;5,4;P
05/11/2020;0,2;P
06/11/2020;0,0;P
07/11/2020;0,0;P
08/11/2020;0,0;P
09/11/2020;0,2;P
10/11/2020;0,4;P
11/11/2020;0,2;P
12/11/2020;0,2;P
13/11/2020;4,6;P
14/11/2020;0,0;P
15/11/2020;2,2;P
16/11/2020;3,6;P
17/11/2020;16,0;P
18/11/2020;0,0;P
19/11/2020;0,0;P
20/11/2020;1,2;P
21/11/2020;1,0;P
22/11/2020;0,0;P
23/11/2020;0,0;P
24/11/2020;0,0;P
25/11/2020;0,0;P
26/11/2020;0,2;P
27/11/2020;0,0;P
28/11/2020;0,0;P
29/11/2020;0,0;P
30/11/2020;0,0;P
01/12/2020;0,0;P
02/12/2020;5,4;P
03/12/2020;8,8;P
04/12/2020;0,2;P
05/12/2020;46,2;P
06/12/2020;16,2;P
07/12/2020;17,2;P
08/12/2020;3,4;P
09/12/2020;15,8;P
10/12/2020;6,0;P
11/12/2020;2,4;P
12/12/2020;0,4;P
13/12/2020;0,8;P
14/12/2020;0,0;P
15/12/2020;0,0;P
16/12/2020;0,2;P
17/12/2020;0,4;P
18/12/2020;0,0;P
19/12/2020;0,2;P
20/12/2020;0,0;P
21/12/2020;0,0;P
22/12/2020;0,6;P
23/12/2020;5,2;P
24/12/2020;10,4;P
25/12/2020;0,8;P
26/12/2020;7,8;P
27/12/2020;0,2;P
28/12/2020;3,0;P
29/12/2020;21,4;P
30/12/2020;16,0;P
31/12/2020;6,2;P
01/01/2021;16,0;P
02/01/2021;8,4;P
03/01/2021;9,8;P
04/01/2021;0,6;P
05/01/2021;4,2;P
06/01/2021;15,6;P
07/01/2021;10,6;P
08/01/2021;0,0;P
09/01/2021;0,0;P
10/01/2021;1,2;P
11/01/2021;0,4;P
12/01/2021;0,0;P
13/01/2021;0,0;P
14/01/2021;0,0;P
15/01/2021;0,0;P
16/01/2021;0,0;P
17/01/2021;0,0;P
18/01/2021;0,0;P
19/01/2021;0,0;P
20/01/2021;2,0;P
21/01/2021;0,4;P
22/01/2021;1,0;P
23/01/2021;7,0;P
24/01/2021;19,0;P
25/01/2021;16,4;P
26/01/2021;2,4;P
27/01/2021;0,0;P
28/01/2021;0,0;P
29/01/2021;3,4;P
30/01/2021;9,0;P
31/01/2021;16,8;P
01/02/2021;0,0;P
02/02/2021;6,0;P
03/02/2021;0,2;P
04/02/2021;0,0;P
05/02/2021;0,0;P
06/02/2021;0,2;P
07/02/2021;0,2;P
08/02/2021;36,8;P
09/02/2021;30,8;P
10/02/2021;10,0;P
11/02/2021;1,0;P
12/02/2021;1,2;P
13/02/2021;1,6;P
14/02/2021;0,0;P
15/02/2021;0,0;P
16/02/2021;0,0;P
17/02/2021;14,8;P
18/02/2021;3,6;P
19/02/2021;0,0;P
20/02/2021;0,0;P
21/02/2021;0,0;P
22/02/2021;0,0;P
23/02/2021;0,0;P
24/02/2021;0,0;P
25/02/2021;0,0;P
26/02/2021;0,0;P
27/02/2021;0,0;P
28/02/2021;0,0;P
01/03/2021;0,0;P
02/03/2021;0,0;P
03/03/2021;0,0;P
04/03/2021;0,0;P
05/03/2021;0,0;P
06/03/2021;0,0;P
07/03/2021;0,0;P
08/03/2021;0,0;P
09/03/2021;0,0;P
10/03/2021;0,0;P
11/03/2021;0,0;P
12/03/2021;0,0;P
13/03/2021;0,0;P
14/03/2021;0,4;P
15/03/2021;6,2;P
16/03/2021;0,0;P
17/03/2021;0,0;P
18/03/2021;0,0;P
19/03/2021;0,0;P
20/03/2021;0,0;P
21/03/2021;0,0;P
22/03/2021;0,0;P
23/03/2021;0,0;P
24/03/2021;0,0;P
25/03/2021;0,0;P
26/03/2021;0,0;P
27/03/2021;0,0;P
28/03/2021;0,0;P
29/03/2021;0,0;P
30/03/2021;0,0;P
31/03/2021;0,0;P
01/04/2021;0,0;P
02/04/2021;0,0;P
03/04/2021;0,0;P
04/04/2021;0,0;P
05/04/2021;0,0;P
06/04/2021;0,0;P
07/04/2021;0,4;P
08/04/2021;0,0;P
09/04/2021;0,0;P
10/04/2021;0,0;P
11/04/2021;6,6;P
12/04/2021;16,2;P
13/04/2021;36,6;P
14/04/2021;0,0;P
15/04/2021;0,0;P
16/04/2021;0,0;P
17/04/2021;0,0;P
18/04/2021;0,0;P
19/04/2021;0,0;P
20/04/2021;0,0;P
21/04/2021;1,6;P
22/04/2021;0,8;P
23/04/2021;0,0;P
24/04/2021;0,0;P
25/04/2021;0,0;P
26/04/2021;0,0;P
27/04/2021;3,6;P
28/04/2021;7,0;P
29/04/2021;7,0;P
30/04/2021;1,2;P
01/05/2021;7,0;P
02/05/2021;32,8;P
03/05/2021;0,0;P
04/05/2021;0,0;P
05/05/2021;0,0;P
06/05/2021;0,0;P
07/05/2021;0,0;P
08/05/2021;0,0;P
09/05/2021;0,0;P
10/05/2021;0,0;P
11/05/2021;0,0;P
12/05/2021;23,8;P
13/05/2021;3,4;P
14/05/2021;6,8;P
15/05/2021;1,0;P
16/05/2021;1,0;P
17/05/2021;3,4;P
18/05/2021;0,0;P
19/05/2021;8,0;P
20/05/2021;5,0;P
21/05/2021;0,0;P
22/05/2021;1,0;P
23/05/2021;0,0;P
24/05/2021;4,8;P
25/05/2021;4,2;P
26/05/2021;0,0;P
27/05/2021;0,0;P
28/05/2021;0,0;P
29/05/2021;0,0;P
30/05/2021;0,0;P
31/05/2021;0,0;P
01/06/2021;0,0;P
02/06/2021;0,0;P
03/06/2021;0,0;P
04/06/2021;0,0;P
05/06/2021;0,0;P
06/06/2021;2,2;P
07/06/2021;0,4;P
08/06/2021;2,2;P
09/06/2021;8,4;P
10/06/2021;0,0;P
11/06/2021;0,0;P
12/06/2021;0,0;P
13/06/2021;0,0;P
14/06/2021;0,0;P
15/06/2021;0,0;P
16/06/2021;0,0;P
17/06/2021;0,0;P
18/06/2021;0,0;P
19/06/2021;0,0;P
20/06/2021;0,0;P
21/06/2021;0,0;P
22/06/2021;0,0;P
23/06/2021;0,0;P
24/06/2021;0,0;P
25/06/2021;0,0;P
26/06/2021;0,0;P
27/06/2021;0,0;P
28/06/2021;0,0;P
29/06/2021;0,0;P
30/06/2021;0,0;P
01/07/2021;0,0;P
02/07/2021;0,0;P
03/07/2021;0,0;P
04/07/2021;0,0;P
05/07/2021;0,0;P
06/07/2021;0,0;P
07/07/2021;0,0;P
08/07/2021;0,0;P
09/07/2021;0,0;P
10/07/2021;0,0;P
11/07/2021;0,0;P
12/07/2021;0,0;P
13/07/2021;0,0;P
14/07/2021;3,4;P
15/07/2021;1,6;P
16/07/2021;3,0;P
17/07/2021;0,0;P
18/07/2021;0,2;P
19/07/2021;0,0;P
20/07/2021;0,0;P
21/07/2021;0,0;P
22/07/2021;0,0;P
23/07/2021;0,0;P
24/07/2021;0,0;P
25/07/2021;0,0;P
26/07/2021;0,0;P
27/07/2021;0,2;P
28/07/2021;0,0;P
29/07/2021;0,0;P
30/07/2021;0,0;P
31/07/2021;0,0;P
01/08/2021;8,0;P
02/08/2021;0,0;P
03/08/2021;0,0;P
04/08/2021;0,0;P
05/08/2021;10,6;P
06/08/2021;0,0;P
07/08/2021;0,0;P
08/08/2021;0,0;P
09/08/2021;0,0;P
10/08/2021;0,0;P
11/08/2021;0,0;P
12/08/2021;0,0;P
13/08/2021;0,0;P
14/08/2021;0,0;P
15/08/2021;0,0;P
16/08/2021;0,0;P
17/08/2021;0,0;P
18/08/2021;0,0;P
19/08/2021;0,0;P
20/08/2021;0,0;P
21/08/2021;0,0;P
22/08/2021;0,0;P
23/08/2021;0,0;P
24/08/2021;0,0;P
25/08/2021;0,0;P
26/08/2021;0,0;P
27/08/2021;0,0;P
28/08/2021;16,8;P
29/08/2021;1,2;P
30/08/2021;0,0;P
31/08/2021;0,0;P
01/09/2021;4,6;P
02/09/2021;0,0;P
03/09/2021;0,0;P
04/09/2021;0,0;P
05/09/2021;1,0;P
06/09/2021;0,0;P
07/09/2021;0,0;P
08/09/2021;0,0;P
09/09/2021;0,0;P
10/09/2021;0,0;P
11/09/2021;0,0;P
12/09/2021;0,0;P
13/09/2021;0,0;P
14/09/2021;0,0;P
15/09/2021;0,0;P
16/09/2021;0,0;P
17/09/2021;39,4;P
18/09/2021;0,6;P
19/09/2021;2,8;P
20/09/2021;17,4;P
21/09/2021;0,4;P
22/09/2021;0,0;P
23/09/2021;0,0;P
24/09/2021;0,0;P
25/09/2021;0,0;P
26/09/2021;0,0;P
27/09/2021;10,6;P
28/09/2021;0,0;P
29/09/2021;0,0;P
30/09/2021;0,0;P
01/10/2021;0,2;P
02/10/2021;0,0;P
03/10/2021;2,8;P
04/10/2021;0,0;P
05/10/2021;16,2;P
06/10/2021;4,6;P
07/10/2021;1,6;P
08/10/2021;0,2;P
09/10/2021;0,0;P
10/10/2021;0,0;P
11/10/2021;0,0;P
12/10/2021;0,0;P
13/10/2021;0,0;P
14/10/2021;0,0;P
15/10/2021;0,0;P
16/10/2021;0,0;P
17/10/2021;0,0;P
18/10/2021;0,0;P
19/10/2021;0,0;P
20/10/2021;0,0;P
21/10/2021;0,0;P
22/10/2021;0,4;P
23/10/2021;0,2;P
24/10/2021;0,0;P
25/10/2021;0,0;P
26/10/2021;0,0;P
27/10/2021;0,0;P
28/10/2021;0,0;P
29/10/2021;0,0;P
30/10/2021;0,0;P
31/10/2021;0,0;P
01/11/2021;1,8;P
02/11/2021;13,2;P
03/11/2021;0,6;P
04/11/2021;7,8;P
05/11/2021;0,6;P
06/11/2021;0,2;P
07/11/2021;9,8;P
08/11/2021;0,4;P
09/11/2021;0,0;P
10/11/2021;0,0;P
11/11/2021;0,0;P
12/11/2021;0,0;P
13/11/2021;0,0;P
14/11/2021;11,2;P
15/11/2021;4,2;P
16/11/2021;0,2;P
17/11/2021;9,8;P
18/11/2021;0,0;P
19/11/2021;0,2;P
20/11/2021;0,2;P
21/11/2021;0,0;P
22/11/2021;5,2;P
23/11/2021;0,0;P
24/11/2021;0,0;P
25/11/2021;2,8;P
26/11/2021;2,0;P
27/11/2021;4,2;P
28/11/2021;26,6;P
29/11/2021;2,6;P
30/11/2021;0,0;P
01/12/2021;0,0;P
02/12/2021;5,6;P
03/12/2021;43,2;P
04/12/2021;0,0;P
05/12/2021;21,2;P
06/12/2021;0,2;P
07/12/2021;0,0;P
08/12/2021;0,0;P
09/12/2021;19,2;P
10/12/2021;0,2;P
11/12/2021;3,6;P
12/12/2021;0,0;P
13/12/2021;0,0;P
14/12/2021;0,0;P
15/12/2021;0,2;P
16/12/2021;0,0;P
17/12/2021;0,0;P
18/12/2021;0,0;P
19/12/2021;0,0;P
20/12/2021;0,0;P
21/12/2021;0,0;P
22/12/2021;0,0;P
23/12/2021;0,0;P
24/12/2021;8,2;P
25/12/2021;9,0;P
26/12/2021;23,6;P
27/12/2021;14,2;P
28/12/2021;4,2;P
29/12/2021;2,6;P
30/12/2021;0,2;P
31/12/2021;0,2;P
01/01/2022;0,0;P
02/01/2022;0,0;P
03/01/2022;2,0;P
04/01/2022;2,2;P
05/01/2022;0,0;P
06/01/2022;24,4;P
07/01/2022;0,0;P
08/01/2022;0,0;P
09/01/2022;5,6;P
10/01/2022;5,8;P
11/01/2022;0,0;P
12/01/2022;0,0;P
13/01/2022;0,0;P
14/01/2022;0,0;P
15/01/2022;0,0;P
16/01/2022;0,0;P
17/01/2022;0,0;P
18/01/2022;0,0;P
19/01/2022;0,2;P
20/01/2022;7,8;P
21/01/2022;0,8;P
22/01/2022;0,0;P
23/01/2022;0,0;P
24/01/2022;0,0;P
25/01/2022;0,2;P
26/01/2022;0,0;P
27/01/2022;0,0;P
28/01/2022;0,0;P
29/01/2022;0,0;P
30/01/2022;0,0;P
31/01/2022;0,0;P
01/02/2022;0,0;P
02/02/2022;0,0;P
03/02/2022;0,0;P
04/02/2022;0,0;P
05/02/2022;2,8;P
06/02/2022;0,2;P
07/02/2022;0,4;P
08/02/2022;0,0;P
09/02/2022;0,0;P
10/02/2022;0,0;P
11/02/2022;0,2;P
12/02/2022;0,0;P
13/02/2022;0,0;P
14/02/2022;0,8;P
15/02/2022;16,8;P
16/02/2022;14,4;P
17/02/2022;0,2;P
18/02/2022;0,0;P
19/02/2022;0,0;P
20/02/2022;0,0;P
21/02/2022;0,0;P
22/02/2022;2,6;P
23/02/2022;0,0;P
24/02/2022;0,0;P
25/02/2022;1,0;P
26/02/2022;10,2;P
27/02/2022;0,0;P
28/02/2022;0,0;P
01/03/2022;0,0;P
02/03/2022;0,0;P
03/03/2022;0,0;P
04/03/2022;1,8;P
05/03/2022;0,0;P
06/03/2022;0,0;P
07/03/2022;0,0;P
08/03/2022;0,0;P
09/03/2022;0,0;P
10/03/2022;0,0;P
11/03/2022;0,0;P
12/03/2022;0,0;P
13/03/2022;0,0;P
14/03/2022;0,0;P
15/03/2022;0,0;P
16/03/2022;0,0;P
17/03/2022;0,0;P
18/03/2022;0,0;P
19/03/2022;0,0;P
20/03/2022;0,0;P
21/03/2022;0,0;P
22/03/2022;0,0;P
23/03/2022;0,0;P
24/03/2022;0,0;P
25/03/2022;0,0;P
26/03/2022;0,0;P
27/03/2022;0,0;P
28/03/2022;0,0;P
29/03/2022;0,0;P
30/03/2022;0,8;P
31/03/2022;33,0;P
01/04/2022;17,2;P
02/04/2022;12,4;P
03/04/2022;1,6;P
04/04/2022;0,6;P
05/04/2022;0,0;P
06/04/2022;0,0;P
07/04/2022;5,8;P
08/04/2022;0,0;P
09/04/2022;0,0;P
10/04/2022;0,0;P
11/04/2022;0,0;P
12/04/2022;0,0;P
13/04/2022;0,0;P
14/04/2022;0,0;P
15/04/2022;0,0;P
16/04/2022;0,0;P
17/04/2022;0,0;P
18/04/2022;0,0;P
19/04/2022;0,0;P
20/04/2022;0,0;P
21/04/2022;6,2;P
22/04/2022;22,2;P
23/04/2022;3,8;P
24/04/2022;0,2;P
25/04/2022;20,8;P
26/04/2022;0,0;P
27/04/2022;0,0;P
28/04/2022;0,0;P
29/04/2022;0,0;P
30/04/2022;0,0;P
01/05/2022;0,0;P
02/05/2022;1,2;P
03/05/2022;0,0;P
04/05/2022;0,0;P
05/05/2022;0,0;P
06/05/2022;9,6;P
07/05/2022;2,0;P
08/05/2022;0,0;P
09/05/2022;0,0;P
10/05/2022;0,0;P
11/05/2022;0,0;P
12/05/2022;0,0;P
13/05/2022;0,0;P
14/05/2022;0,0;P
15/05/2022;0,0;P
16/05/2022;0,0;P
17/05/2022;0,0;P
18/05/2022;0,0;P
19/05/2022;0,0;P
20/05/2022;0,0;P
21/05/2022;0,0;P
22/05/2022;0,0;P
23/05/2022;0,0;P
24/05/2022;0,0;P
25/05/2022;0,0;P
26/05/2022;0,0;P
27/05/2022;0,0;P
28/05/2022;0,0;P
29/05/2022;0,6;P
30/05/2022;0,0;P
31/05/2022;0,0;P
01/06/2022;0,0;P
02/06/2022;0,0;P
03/06/2022;0,0;P
04/06/2022;0,0;P
05/06/2022;0,0;P
06/06/2022;0,0;P
07/06/2022;0,0;P
08/06/2022;0,0;P
09/06/2022;0,0;P
10/06/2022;0,0;P
11/06/2022;0,0;P
12/06/2022;0,0;P
13/06/2022;0,0;P
14/06/2022;0,0;P
15/06/2022;0,0;P
16/06/2022;0,4;P
17/06/2022;0,0;P
18/06/2022;0,0;P
19/06/2022;0,0;P
20/06/2022;0,0;P
21/06/2022;0,0;P
22/06/2022;0,0;P
23/06/2022;0,0;P
24/06/2022;0,0;P
25/06/2022;0,0;P
26/06/2022;0,0;P
27/06/2022;0,0;P
28/06/2022;0,0;P
29/06/2022;0,4;P
30/06/2022;0,0;P
01/07/2022;0,0;P
02/07/2022;0,0;P
03/07/2022;0,0;P
04/07/2022;0,0;P
05/07/2022;0,0;P
06/07/2022;0,0;P
07/07/2022;0,0;P
08/07/2022;2,6;P
09/07/2022;0,0;P
10/07/2022;0,0;P
11/07/2022;0,0;P
12/07/2022;0,0;P
13/07/2022;0,0;P
14/07/2022;0,0;P
15/07/2022;0,0;P
16/07/2022;0,0;P
17/07/2022;0,0;P
18/07/2022;0,0;P
19/07/2022;0,0;P
20/07/2022;0,0;P
21/07/2022;0,0;P
22/07/2022;0,0;P
23/07/2022;0,0;P
24/07/2022;0,0;P
25/07/2022;0,0;P
26/07/2022;0,0;P
27/07/2022;0,0;P
28/07/2022;0,0;P
29/07/2022;0,0;P
30/07/2022;0,0;P
31/07/2022;0,2;P
01/08/2022;0,0;P
02/08/2022;0,0;P
03/08/2022;0,0;P
04/08/2022;0,0;P
05/08/2022;0,0;P
06/08/2022;0,0;P
07/08/2022;0,0;P
08/08/2022;0,0;P
09/08/2022;0,8;P
10/08/2022;0,0;P
11/08/2022;0,0;P
12/08/2022;0,0;P
13/08/2022;15,6;P
14/08/2022;0,0;P
15/08/2022;0,0;P
16/08/2022;19,6;P
17/08/2022;0,0;P
18/08/2022;0,0;P
19/08/2022;22,0;P
20/08/2022;17,0;P
21/08/2022;0,0;P
22/08/2022;15,6;P
23/08/2022;0,0;P
24/08/2022;0,0;P
25/08/2022;0,0;P
26/08/2022;0,0;P
27/08/2022;0,0;P
28/08/2022;0,0;P
29/08/2022;0,0;P
30/08/2022;0,6;P
31/08/2022;0,0;P
01/09/2022;0,0;P
02/09/2022;0,0;P
03/09/2022;0,4;P
04/09/2022;9,6;P
05/09/2022;0,0;P
06/09/2022;0,0;P
07/09/2022;0,0;P
08/09/2022;1,8;P
09/09/2022;0,0;P
10/09/2022;0,0;P
11/09/2022;0,0;P
12/09/2022;0,0;P
13/09/2022;0,0;P
14/09/2022;0,0;P
15/09/2022;3,6;P
16/09/2022;3,0;P
17/09/2022;0,2;P
18/09/2022;12,2;P
19/09/2022;0,0;P
20/09/2022;0,0;P
21/09/2022;0,0;P
22/09/2022;0,0;P
23/09/2022;0,0;P
24/09/2022;0,0;P
25/09/2022;52,8;P
26/09/2022;0,8;P
27/09/2022;0,2;P
28/09/2022;1,0;P
29/09/2022;6,2;P
30/09/2022;61,6;P
01/10/2022;13,0;P
02/10/2022;0,0;P
03/10/2022;0,0;P
04/10/2022;0,2;P
05/10/2022;0,0;P
06/10/2022;0,0;P
07/10/2022;0,2;P
08/10/2022;0,0;P
09/10/2022;0,2;P
10/10/2022;0,8;P
11/10/2022;0,2;P
12/10/2022;0,0;P
13/10/2022;0,0;P
14/10/2022;0,0;P
15/10/2022;0,2;P
16/10/2022;0,0;P
17/10/2022;0,0;P
18/10/2022;0,2;P
19/10/2022;0,2;P
20/10/2022;0,2;P
21/10/2022;0,0;P
22/10/2022;0,0;P
23/10/2022;0,0;P
24/10/2022;0,0;P
25/10/2022;0,0;P
26/10/2022;0,0;P
27/10/2022;0,2;P
28/10/2022;0,2;P
29/10/2022;0,0;P
30/10/2022;0,2;P
31/10/2022;0,0;P
01/11/2022;0,2;P
02/11/2022;0,0;P
03/11/2022;0,0;P
04/11/2022;11,0;P
05/11/2022;0,0;P
06/11/2022;0,0;P
07/11/2022;0,0;P
08/11/2022;0,0;P
09/11/2022;0,0;P
10/11/2022;3,4;P
11/11/2022;0,6;P
12/11/2022;0,0;P
13/11/2022;0,0;P
14/11/2022;0,0;P
15/11/2022;0,0;P
16/11/2022;11,2;P
17/11/2022;0,4;P
18/11/2022;8,2;P
19/11/2022;4,4;P
20/11/2022;6,2;P
21/11/2022;0,0;P
22/11/2022;26,4;P
23/11/2022;24,8;P
24/11/2022;0,0;P
25/11/2022;0,0;P
26/11/2022;1,6;P
27/11/2022;0,0;P
28/11/2022;0,0;P
29/11/2022;0,2;P
30/11/2022;0,0;P
01/12/2022;0,0;P
02/12/2022;0,0;P
03/12/2022;3,0;P
04/12/2022;4,2;P
05/12/2022;16,2;P
06/12/2022;14,4;P
07/12/2022;6,4;P
08/12/2022;0,4;P
09/12/2022;12,6;P
10/12/2022;6,0;P
11/12/2022;13,2;P
12/12/2022;3,4;P
13/12/2022;0,2;P
14/12/2022;0,8;P
15/12/2022;1,4;P
16/12/2022;30,4;P
17/12/2022;18,6;P
18/12/2022;0,0;P
19/12/2022;0,2;P
20/12/2022;0,2;P
21/12/2022;0,0;P
22/12/2022;0,6;P
23/12/2022;4,0;P
24/12/2022;1,6;P
25/12/2022;0,2;P
26/12/2022;0,0;P
27/12/2022;0,0;P
28/12/2022;0,2;P
29/12/2022;1,6;P
30/12/2022;0,0;P
31/12/2022;10,6;P
01/01/2023;0,2;P
02/01/2023;0,0;P
03/01/2023;0,0;P
04/01/2023;0,0;P
05/01/2023;0,0;P
06/01/2023;0,0;P
07/01/2023;0,0;P
08/01/2023;3,4;P
09/01/2023;13,8;P
10/01/2023;2,0;P
11/01/2023;0,0;P
12/01/2023;1,4;P
13/01/2023;0,0;P
14/01/2023;0,0;P
15/01/2023;0,2;P
16/01/2023;0,6;P
17/01/2023;13,0;P
18/01/2023;29,6;P
19/01/2023;9,0;P
20/01/2023;0,8;P
21/01/2023;0,0;P
22/01/2023;2,0;P
23/01/2023;2,6;P
24/01/2023;6,6;P
25/01/2023;0,0;P
26/01/2023;0,0;P
27/01/2023;0,0;P
28/01/2023;0,0;P
29/01/2023;0,0;P
30/01/2023;0,0;P
31/01/2023;0,0;P
01/02/2023;0,0;P
02/02/2023;0,0;P
03/02/2023;0,0;P
04/02/2023;0,0;P
05/02/2023;0,0;P
06/02/2023;0,0;P
07/02/2023;0,0;P
08/02/2023;0,0;P
09/02/2023;0,0;P
10/02/2023;0,0;P
11/02/2023;0,0;P
12/02/2023;0,0;P
13/02/2023;0,0;P
14/02/2023;0,0;P
15/02/2023;0,0;P
16/02/2023;0,0;P
17/02/2023;0,0;P
18/02/2023;0,0;P
19/02/2023;0,0;P
20/02/2023;0,0;P
21/02/2023;0,0;P
22/02/2023;0,2;P
23/02/2023;0,0;P
24/02/2023;0,0;P
25/02/2023;1,6;P
26/02/2023;18,2;P
27/02/2023;7,0;P
28/02/2023;0,0;P
01/03/2023;1,2;P
02/03/2023;7,4;P
03/03/2023;0,0;P
04/03/2023;0,0;P
05/03/2023;0,0;P
06/03/2023;1,6;P
07/03/2023;3,6;P
08/03/2023;2,2;P
09/03/2023;0,2;P
10/03/2023;11,6;P
11/03/2023;2,6;P
12/03/2023;0,4;P
13/03/2023;0,0;P
14/03/2023;0,0;P
15/03/2023;1,2;P
16/03/2023;0,0;P
17/03/2023;0,0;P
18/03/2023;0,0;P
19/03/2023;0,0;P
20/03/2023;16,8;P
21/03/2023;0,0;P
22/03/2023;0,0;P
23/03/2023;0,0;P
24/03/2023;0,0;P
25/03/2023;0,0;P
26/03/2023;0,0;P
27/03/2023;3,0;P
28/03/2023;0,0;P
29/03/2023;0,0;P
30/03/2023;0,8;P
31/03/2023;0,0;P
01/04/2023;16,6;P
02/04/2023;0,0;P
03/04/2023;0,0;P
04/04/2023;0,0;P
05/04/2023;0,0;P
06/04/2023;0,0;P
07/04/2023;0,0;P
08/04/2023;21,8;P
09/04/2023;0,0;P
10/04/2023;0,0;P
11/04/2023;0,0;P
12/04/2023;0,2;P
13/04/2023;0,2;P
14/04/2023;1,0;P
15/04/2023;11,8;P
16/04/2023;0,0;P
17/04/2023;0,0;P
18/04/2023;0,0;P
19/04/2023;0,0;P
20/04/2023;0,0;P
21/04/2023;0,0;P
22/04/2023;8,4;P
23/04/2023;0,0;P
24/04/2023;0,0;P
25/04/2023;2,2;P
26/04/2023;5,8;P
27/04/2023;0,0;P
28/04/2023;0,0;P
29/04/2023;0,0;P
30/04/2023;0,2;P
01/05/2023;0,0;P
02/05/2023;7,2;P
03/05/2023;0,0;P
04/05/2023;0,0;P
05/05/2023;0,0;P
06/05/2023;0,0;P
07/05/2023;0,0;P
08/05/2023;0,0;P
09/05/2023;0,0;P
10/05/2023;8,6;P
11/05/2023;13,2;P
12/05/2023;3,8;P
13/05/2023;4,2;P
14/05/2023;0,0;P
15/05/2023;8,8;P
16/05/2023;4,4;P
17/05/2023;7,4;P
18/05/2023;0,0;P
19/05/2023;5,2;P
20/05/2023;6,8;P
21/05/2023;1,6;P
22/05/2023;0,0;P
23/05/2023;0,0;P
24/05/2023;2,2;P
25/05/2023;1,4;P
26/05/2023;1,0;P
27/05/2023;0,0;P
28/05/2023;0,0;P
29/05/2023;0,0;P
30/05/2023;0,0;P
31/05/2023;0,0;P
01/06/2023;0,0;P
02/06/2023;3,6;P
03/06/2023;4,4;P
04/06/2023;0,0;P
05/06/2023;27,8;P
06/06/2023;4,0;P
07/06/2023;2,6;P
08/06/2023;0,0;P
09/06/2023;0,0;P
10/06/2023;0,0;P
11/06/2023;4,0;P
12/06/2023;0,0;P
13/06/2023;0,0;P
14/06/2023;1,8;P
15/06/2023;3,4;P
16/06/2023;0,0;P
17/06/2023;5,0;P
18/06/2023;0,0;P
19/06/2023;0,0;P
20/06/2023;0,0;P
21/06/2023;0,0;P
22/06/2023;0,0;P
23/06/2023;0,0;P
24/06/2023;0,2;P
25/06/2023;0,0;P
26/06/2023;0,0;P
27/06/2023;0,0;P
28/06/2023;0,0;P
29/06/2023;0,0;P
30/06/2023;0,0;P
01/07/2023;7,2;P
02/07/2023;2,6;P
03/07/2023;0,0;P
04/07/2023;0,0;P
05/07/2023;0,0;P
06/07/2023;0,0;P
07/07/2023;0,0;P
08/07/2023;0,0;P
09/07/2023;0,0;P
10/07/2023;0,0;P
11/07/2023;0,0;P
12/07/2023;0,0;P
13/07/2023;0,0;P
14/07/2023;0,0;P
15/07/2023;0,0;P
16/07/2023;0,0;P
17/07/2023;0,0;P
18/07/2023;0,0;P
19/07/2023;0,0;P
20/07/2023;0,0;P
21/07/2023;0,0;P
22/07/2023;0,0;P
23/07/2023;0,0;P
24/07/2023;0,0;P
25/07/2023;8,2;P
26/07/2023;0,0;P
27/07/2023;3,6;P
28/07/2023;0,0;P
29/07/2023;0,0;P
30/07/2023;0,0;P
31/07/2023;0,0;P
01/08/2023;0,0;P
02/08/2023;0,0;P
03/08/2023;0,0;P
04/08/2023;15,2;P
05/08/2023;5,0;P
06/08/2023;0,8;P
07/08/2023;0,0;P
08/08/2023;0,0;P
09/08/2023;0,0;P
10/08/2023;0,0;P
11/08/2023;0,0;P
12/08/2023;0,0;P
13/08/2023;0,0;P
14/08/2023;0,0;P
15/08/2023;0,0;P
16/08/2023;0,0;P
17/08/2023;0,0;P
18/08/2023;0,0;P
19/08/2023;1,4;P
20/08/2023;0,0;P
21/08/2023;0,0;P
22/08/2023;0,0;P
23/08/2023;0,0;P
24/08/2023;0,0;P
25/08/2023;0,0;P
26/08/2023;0,0;P
27/08/2023;0,0;P
28/08/2023;2,0;P
29/08/2023;3,4;P
30/08/2023;11,8;P
31/08/2023;3,2;P
01/09/2023;0,0;P
02/09/2023;0,0;P
03/09/2023;0,0;P
04/09/2023;0,0;P
05/09/2023;0,0;P
06/09/2023;0,0;P
07/09/2023;0,0;P
08/09/2023;0,0;P
09/09/2023;0,0;P
10/09/2023;0,0;P
11/09/2023;0,0;P
12/09/2023;0,0;P
13/09/2023;0,0;P
14/09/2023;0,0;P
15/09/2023;0,0;P
16/09/2023;0,4;P
17/09/2023;0,0;P
18/09/2023;0,0;P
19/09/2023;0,0;P
20/09/2023;0,0;P
21/09/2023;1,0;P
22/09/2023;1,0;P
23/09/2023;2,2;P
24/09/2023;0,0;P
25/09/2023;0,0;P
26/09/2023;0,0;P
27/09/2023;0,0;P
28/09/2023;0,0;P
29/09/2023;0,0;P
30/09/2023;0,0;P
01/10/2023;0,0;P
02/10/2023;0,0;P
03/10/2023;0,0;P
04/10/2023;0,0;P
05/10/2023;0,0;P
06/10/2023;0,0;P
07/10/2023;0,0;P
08/10/2023;0,0;P
09/10/2023;0,0;P
10/10/2023;0,0;P
11/10/2023;0,0;P
12/10/2023;0,0;P
13/10/2023;0,0;P
14/10/2023;0,0;P
15/10/2023;0,4;P
16/10/2023;0,0;P
17/10/2023;0,0;P
18/10/2023;0,8;P
19/10/2023;10,2;P
20/10/2023;0,0;P
21/10/2023;14,0;P
22/10/2023;5,8;P
23/10/2023;0,0;P
24/10/2023;0,2;P
25/10/2023;43,0;P
26/10/2023;1,4;P
27/10/2023;0,8;P
28/10/2023;0,6;P
29/10/2023;0,0;P
30/10/2023;0,2;P
31/10/2023;32,0;P
01/11/2023;0,0;P
02/11/2023;0,0;P
03/11/2023;35,4;P
04/11/2023;13,2;P
05/11/2023;36,2;P
06/11/2023;5,4;P
07/11/2023;1,2;P
08/11/2023;0,0;P
09/11/2023;3,2;P
10/11/2023;14,0;P
11/11/2023;22,2;P
12/11/2023;0,0;P
13/11/2023;1,2;P
14/11/2023;2,4;P
15/11/2023;0,6;P
16/11/2023;0,2;P
17/11/2023;2,8;P
18/11/2023;0,0;P
19/11/2023;0,0;P
20/11/2023;0,0;P
21/11/2023;0,0;P
22/11/2023;0,2;P
23/11/2023;0,0;P
24/11/2023;0,0;P
25/11/2023;0,0;P
26/11/2023;0,0;P
27/11/2023;0,4;P
28/11/2023;7,2;P
29/11/2023;0,2;P
30/11/2023;2,6;P
01/12/2023;5,2;P
02/12/2023;44,6;P
03/12/2023;2,8;P
04/12/2023;0,0;P
05/12/2023;17,4;P
06/12/2023;0,8;P
07/12/2023;0,0;P
08/12/2023;0,0;P
09/12/2023;1,2;P
10/12/2023;6,0;P
11/12/2023;0,4;P
12/12/2023;10,6;P
13/12/2023;2,2;P
14/12/2023;1,8;P
15/12/2023;0,0;P
16/12/2023;0,0;P
17/12/2023;0,0;P
18/12/2023;0,0;P
19/12/2023;0,0;P
20/12/2023;0,0;P
21/12/2023;0,0;P
22/12/2023;0,2;P
23/12/2023;0,0;P
24/12/2023;0,0;P
25/12/2023;0,0;P
26/12/2023;0,2;P
27/12/2023;0,4;P
28/12/2023;0,0;P
29/12/2023;0,2;P
30/12/2023;0,6;P
31/12/2023;4,4;P
01/01/2024;4,8;P
02/01/2024;0,0;P
03/01/2024;3,6;P
04/01/2024;0,0;P
05/01/2024;0,0;P
06/01/2024;22,4;P
07/01/2024;6,8;P
08/01/2024;1,2;P
09/01/2024;0,0;P
10/01/2024;0,0;P
11/01/2024;0,0;P
12/01/2024;0,0;P
13/01/2024;0,0;P
14/01/2024;0,0;P
15/01/2024;2,0;P
16/01/2024;0,0;P
17/01/2024;2,0;P
18/01/2024;6,2;P
19/01/2024;0,0;P
20/01/2024;0,0;P
21/01/2024;0,0;P
22/01/2024;0,0;P
23/01/2024;5,4;P
24/01/2024;0,2;P
25/01/2024;0,0;P
26/01/2024;0,0;P
27/01/2024;;@
28/01/2024;0,0;P
29/01/2024;0,0;P
30/01/2024;0,0;P
31/01/2024;0,0;P
01/02/2024;0,0;P
02/02/2024;0,0;P
03/02/2024;0,0;P
04/02/2024;0,0;P
05/02/2024;0,0;P
06/02/2024;;@
07/02/2024;0,0;P
08/02/2024;0,0;P
09/02/2024;;@
10/02/2024;1,8;P
11/02/2024;26,8;P
12/02/2024;8,2;P
13/02/2024;0,4;P
14/02/2024;0,0;P
15/02/2024;0,0;P
16/02/2024;0,0;P
17/02/2024;0,0;P
18/02/2024;0,0;P
19/02/2024;0,0;P
20/02/2024;0,0;P
21/02/2024;0,0;P
22/02/2024;0,0;P
23/02/2024;0,0;P
24/02/2024;12,8;P
25/02/2024;0,6;P
26/02/2024;0,2;P
27/02/2024;18,0;P
28/02/2024;11,2;P
29/02/2024;0,0;P
01/03/2024;2,2;P
02/03/2024;15,6;P
03/03/2024;3,0;P
04/03/2024;9,6;P
05/03/2024;0,0;P
06/03/2024;0,8;P
07/03/2024;0,2;P
08/03/2024;0,0;P
09/03/2024;7,0;P
10/03/2024;0,8;P
11/03/2024;16,8;P
12/03/2024;3,0;P
13/03/2024;0,0;P
14/03/2024;0,0;P
15/03/2024;0,0;P
16/03/2024;6,0;P
17/03/2024;0,8;P
18/03/2024;0,0;P
19/03/2024;4,6;P
20/03/2024;0,0;P
21/03/2024;0,0;P
22/03/2024;2,6;P
23/03/2024;0,0;P
24/03/2024;0,0;P
25/03/2024;1,4;P
26/03/2024;2,0;P
27/03/2024;18,6;P
28/03/2024;28,8;P
29/03/2024;0,0;P
30/03/2024;0,0;P
31/03/2024;0,0;P
01/04/2024;0,8;P
02/04/2024;13,0;P
03/04/2024;0,0;P
04/04/2024;0,0;P
05/04/2024;0,0;P
06/04/2024;0,0;P
07/04/2024;0,0;P
08/04/2024;0,0;P
09/04/2024;0,0;P
10/04/2024;4,4;P
11/04/2024;0,0;P
12/04/2024;0,0;P
13/04/2024;0,0;P
14/04/2024;0,0;P
15/04/2024;0,0;P
16/04/2024;0,0;P
17/04/2024;0,0;P
18/04/2024;0,4;P
19/04/2024;2,8;P
20/04/2024;0,0;P
21/04/2024;4,6;P
22/04/2024;1,2;P
23/04/2024;27,6;P
24/04/2024;8,2;P
25/04/2024;0,2;P
26/04/2024;0,0;P
27/04/2024;2,4;P
28/04/2024;2,0;P
29/04/2024;0,0;P
30/04/2024;0,0;P
01/05/2024;0,4;P
02/05/2024;14,0;P
03/05/2024;12,8;P
04/05/2024;0,0;P
05/05/2024;0,0;P
06/05/2024;0,0;P
07/05/2024;0,4;P
08/05/2024;7,0;P
09/05/2024;0,0;P
10/05/2024;0,0;P
11/05/2024;0,0;P
12/05/2024;0,0;P
13/05/2024;0,0;P
14/05/2024;0,0;P
15/05/2024;0,0;P
16/05/2024;0,6;P
17/05/2024;0,0;P
18/05/2024;0,4;P
19/05/2024;0,0;P
20/05/2024;5,6;P
21/05/2024;20,0;P
22/05/2024;1,0;P
23/05/2024;0,0;P
24/05/2024;0,0;P
25/05/2024;0,0;P
26/05/2024;0,6;P
27/05/2024;0,0;P
28/05/2024;0,0;P
29/05/2024;0,0;P
30/05/2024;0,0;P
31/05/2024;11,0;P
01/06/2024;0,0;P
02/06/2024;0,0;P
03/06/2024;0,0;P
04/06/2024;0,0;P
05/06/2024;0,0;P
06/06/2024;0,0;P
07/06/2024;0,0;P
08/06/2024;0,0;P
09/06/2024;0,0;P
10/06/2024;3,0;P
11/06/2024;0,2;P
12/06/2024;0,0;P
13/06/2024;0,0;P
14/06/2024;0,2;P
15/06/2024;0,0;P
16/06/2024;0,0;P
17/06/2024;0,0;P
18/06/2024;0,0;P
19/06/2024;0,0;P
20/06/2024;0,0;P
21/06/2024;0,0;P
22/06/2024;0,0;P
23/06/2024;0,4;P
24/06/2024;8,6;P
25/06/2024;45,8;P
26/06/2024;7,8;P
27/06/2024;0,0;P
28/06/2024;0,0;P
29/06/2024;0,0;P
30/06/2024;0,0;P
01/07/2024;0,0;P
02/07/2024;0,0;P
03/07/2024;0,0;P
04/07/2024;0,8;P
05/07/2024;0,0;P
06/07/2024;0,0;P
07/07/2024;0,0;P
08/07/2024;0,0;P
09/07/2024;0,0;P
10/07/2024;0,0;P
11/07/2024;0,0;P
12/07/2024;0,0;P
13/07/2024;0,0;P
14/07/2024;0,0;P
15/07/2024;0,0;P
16/07/2024;0,0;P
17/07/2024;0,0;P
18/07/2024;0,0;P
19/07/2024;0,0;P
20/07/2024;0,0;P
21/07/2024;0,0;P
22/07/2024;0,4;P
23/07/2024;4,6;P
24/07/2024;0,0;P
25/07/2024;0,0;P
26/07/2024;0,0;P
27/07/2024;0,0;P
28/07/2024;0,0;P
29/07/2024;0,0;P
30/07/2024;0,0;P
31/07/2024;0,0;P
01/08/2024;0,0;P
02/08/2024;0,0;P
03/08/2024;0,0;P
04/08/2024;0,0;P
05/08/2024;0,0;P
06/08/2024;0,0;P
07/08/2024;0,0;P
08/08/2024;0,0;P
09/08/2024;0,0;P
10/08/2024;0,0;P
11/08/2024;0,0;P
12/08/2024;0,0;P
13/08/2024;0,0;P
14/08/2024;0,0;P
15/08/2024;0,0;P
16/08/2024;0,0;P
17/08/2024;0,4;P
18/08/2024;4,6;P
19/08/2024;5,2;P
20/08/2024;0,0;P
21/08/2024;0,0;P
22/08/2024;0,0;P
23/08/2024;0,0;P
24/08/2024;0,0;P
25/08/2024;0,0;P
26/08/2024;0,0;P
27/08/2024;0,0;P
28/08/2024;0,2;P
29/08/2024;0,0;P
30/08/2024;6,2;P
31/08/2024;0,0;P
01/09/2024;0,0;P
02/09/2024;0,0;P
03/09/2024;0,0;P
04/09/2024;0,0;P
05/09/2024;0,0;P
06/09/2024;12,2;P
07/09/2024;0,0;P
08/09/2024;0,2;P
09/09/2024;41,8;P
10/09/2024;0,0;P
11/09/2024;0,0;P
12/09/2024;3,0;P
13/09/2024;20,0;P
14/09/2024;0,0;P
15/09/2024;0,0;P
16/09/2024;0,0;P
17/09/2024;0,0;P
18/09/2024;4,8;P
19/09/2024;10,4;P
20/09/2024;0,0;P
21/09/2024;0,0;P
22/09/2024;0,0;P
23/09/2024;2,8;P
24/09/2024;10,2;P
25/09/2024;0,0;P
26/09/2024;4,4;P
27/09/2024;0,0;P
28/09/2024;0,0;P
29/09/2024;0,0;P
30/09/2024;0,0;P
01/10/2024;10,0;P
02/10/2024;5,6;P
03/10/2024;17,4;P
04/10/2024;44,2;P
05/10/2024;0,6;P
06/10/2024;0,0;P
07/10/2024;0,0;P
08/10/2024;1,2;P
09/10/2024;26,0;P
10/10/2024;1,0;P
11/10/2024;8,4;P
12/10/2024;0,0;P
13/10/2024;0,2;P
14/10/2024;0,0;P
15/10/2024;0,0;P
16/10/2024;0,0;P
17/10/2024;7,4;P
18/10/2024;37,6;P
19/10/2024;0,4;P
20/10/2024;5,6;P
21/10/2024;0,0;P
22/10/2024;0,0;P
23/10/2024;0,8;P
24/10/2024;4,0;P
25/10/2024;1,8;P
26/10/2024;5,8;P
27/10/2024;0,0;P
28/10/2024;0,0;P
29/10/2024;0,2;P
30/10/2024;0,0;P
31/10/2024;0,0;P
01/11/2024;0,2;P
02/11/2024;0,0;P
03/11/2024;0,0;P
04/11/2024;0,2;P
05/11/2024;0,2;P
06/11/2024;0,0;P
07/11/2024;0,2;P
08/11/2024;0,0;P
09/11/2024;0,0;P
10/11/2024;0,0;P
11/11/2024;0,0;P
12/11/2024;0,0;P
13/11/2024;0,0;P
14/11/2024;0,0;P
15/11/2024;0,0;P
16/11/2024;0,0;P
17/11/2024;0,4;P
18/11/2024;2,2;P
19/11/2024;0,4;P
20/11/2024;7,0;P
21/11/2024;5,6;P
22/11/2024;17,8;P
23/11/2024;1,0;P
24/11/2024;0,0;P
25/11/2024;0,0;P
26/11/2024;0,0;P
27/11/2024;0,0;P
28/11/2024;1,4;P
29/11/2024;0,8;P
30/11/2024;0,0;P
01/12/2024;0,0;P
02/12/2024;0,0;P
03/12/2024;0,0;P
04/12/2024;0,6;P
05/12/2024;0,0;P
06/12/2024;0,0;P
07/12/2024;0,4;P
08/12/2024;33,0;P
09/12/2024;4,6;P
10/12/2024;2,2;P
11/12/2024;0,0;P
12/12/2024;0,0;P
13/12/2024;0,0;P
14/12/2024;10,0;P
15/12/2024;0,2;P
16/12/2024;0,2;P
17/12/2024;0,2;P
18/12/2024;0,0;P
19/12/2024;5,6;P
20/12/2024;8,0;P
21/12/2024;2,4;P
22/12/2024;0,0;P
23/12/2024;12,2;P
24/12/2024;0,0;P
25/12/2024;0,0;P
26/12/2024;0,0;P
27/12/2024;0,0;P
28/12/2024;0,0;P
29/12/2024;0,0;P
30/12/2024;0,0;P
31/12/2024;0,0;P
01/01/2025;0,0;P
02/01/2025;0,0;P
03/01/2025;3,2;P
04/01/2025;10,4;P
05/01/2025;0,8;P
06/01/2025;1,4;P
07/01/2025;0,0;P
08/01/2025;4,2;P
09/01/2025;1,6;P
10/01/2025;6,0;P
11/01/2025;3,0;P
12/01/2025;0,0;P
13/01/2025;0,0;P
14/01/2025;0,0;P
15/01/2025;0,0;P
16/01/2025;0,0;P
17/01/2025;0,0;P
18/01/2025;0,0;P
19/01/2025;0,0;P
20/01/2025;0,0;P
21/01/2025;4,0;P
22/01/2025;1,4;P
23/01/2025;6,2;P
24/01/2025;3,8;P
25/01/2025;0,0;P
26/01/2025;0,0;P
27/01/2025;6,2;P
28/01/2025;2,4;P
29/01/2025;10,6;P
30/01/2025;0,0;P
31/01/2025;0,0;P
01/02/2025;27,6;P
02/02/2025;0,0;P
03/02/2025;0,0;P
04/02/2025;0,0;P
05/02/2025;0,0;P
06/02/2025;0,0;P
07/02/2025;0,0;P
08/02/2025;0,0;P
09/02/2025;3,8;P
10/02/2025;0,2;P
11/02/2025;0,4;P
12/02/2025;9,2;P
13/02/2025;4,8;P
14/02/2025;48,0;P
15/02/2025;22,0;P
16/02/2025;0,0;P
17/02/2025;0,0;P
18/02/2025;0,0;P
19/02/2025;0,0;P
20/02/2025;0,2;P
21/02/2025;0,0;P
22/02/2025;0,2;P
23/02/2025;1,4;P
24/02/2025;7,4;P
25/02/2025;8,6;P
26/02/2025;14,8;P
27/02/2025;2,4;P
28/02/2025;0,0;P
01/03/2025;1,0;P
02/03/2025;0,0;P
03/03/2025;0,0;P
04/03/2025;0,0;P
05/03/2025;0,0;P
06/03/2025;0,0;P
07/03/2025;0,0;P
08/03/2025;0,0;P
09/03/2025;0,0;P
10/03/2025;13,4;P
11/03/2025;1,4;P
12/03/2025;15,8;P
13/03/2025;44,6;P
14/03/2025;63,8;P
15/03/2025;29,2;P
16/03/2025;8,8;P
17/03/2025;0,0;P
18/03/2025;0,4;P
19/03/2025;0,0;P
20/03/2025;0,0;P
21/03/2025;0,0;P
22/03/2025;8,2;P
23/03/2025;3,2;P
24/03/2025;0,0;P
25/03/2025;0,0;P
26/03/2025;0,6;P
27/03/2025;0,0;P
28/03/2025;0,0;P
29/03/2025;0,0;P
30/03/2025;0,6;P
31/03/2025;0,0;P
01/04/2025;0,0;P
02/04/2025;0,0;P
03/04/2025;0,0;P
04/04/2025;0,0;P
05/04/2025;0,0;P
06/04/2025;0,0;P
07/04/2025;0,0;P
08/04/2025;0,0;P
09/04/2025;0,0;P
10/04/2025;4,2;P
11/04/2025;0,0;P
12/04/2025;0,0;P
13/04/2025;2,8;P
14/04/2025;25,2;P
15/04/2025;50,0;P
16/04/2025;9,8;P
17/04/2025;6,8;P
18/04/2025;14,8;P
19/04/2025;6,8;P
20/04/2025;0,0;P
21/04/2025;0,4;P
22/04/2025;0,0;P
23/04/2025;0,0;P
24/04/2025;1,6;P
25/04/2025;0,0;P
26/04/2025;2,0;P
27/04/2025;0,0;P
28/04/2025;0,0;P
29/04/2025;0,0;P
30/04/2025;0,0;P
01/05/2025;0,0;P
02/05/2025;0,0;P
03/05/2025;0,0;P
04/05/2025;0,0;P
05/05/2025;12,0;P
06/05/2025;65,8;P
07/05/2025;0,0;P
08/05/2025;0,4;P
09/05/2025;0,0;P
10/05/2025;0,0;P
11/05/2025;0,0;P
12/05/2025;0,0;P
13/05/2025;0,0;P
14/05/2025;5,4;P
15/05/2025;0,0;P
16/05/2025;9,4;P
17/05/2025;0,0;P
18/05/2025;0,0;P
19/05/2025;0,8;P
20/05/2025;0,0;P
21/05/2025;22,2;P
22/05/2025;0,2;P
23/05/2025;5,6;P
24/05/2025;0,0;P
25/05/2025;0,0;P
26/05/2025;0,0;P
27/05/2025;0,0;P
28/05/2025;0,0;P
29/05/2025;0,0;P
30/05/2025;0,0;P
31/05/2025;0,0;P
01/06/2025;0,0;P
02/06/2025;0,0;P
03/06/2025;0,0;P
04/06/2025;0,0;P
05/06/2025;0,0;P
06/06/2025;0,0;P
07/06/2025;0,0;P
08/06/2025;0,0;P
09/06/2025;0,0;P
10/06/2025;0,0;P
11/06/2025;0,0;P
12/06/2025;0,0;P
13/06/2025;0,0;P
14/06/2025;0,0;P
15/06/2025;0,0;P
16/06/2025;0,0;P
17/06/2025;0,0;P
18/06/2025;1,2;P
19/06/2025;0,0;P
20/06/2025;0,0;P
21/06/2025;0,0;P
22/06/2025;5,6;P
23/06/2025;0,2;P
24/06/2025;0,0;P
25/06/2025;0,0;P
26/06/2025;0,0;P
27/06/2025;0,0;P
28/06/2025;0,0;P
29/06/2025;0,0;P
30/06/2025;0,0;P
01/07/2025;0,0;P
02/07/2025;0,0;P
03/07/2025;24,2;P
04/07/2025;0,0;P
05/07/2025;0,0;P
06/07/2025;0,0;P
07/07/2025;8,6;P
08/07/2025;0,0;P
09/07/2025;0,0;P
10/07/2025;0,0;P
11/07/2025;0,0;P
12/07/2025;0,0;P
13/07/2025;1,6;P
14/07/2025;2,0;P
15/07/2025;0,0;P
16/07/2025;0,0;P
17/07/2025;0,0;P
18/07/2025;0,0;P
19/07/2025;0,0;P
20/07/2025;0,0;P
21/07/2025;0,0;P
22/07/2025;0,0;P
23/07/2025;0,0;P
24/07/2025;0,0;P
25/07/2025;0,4;P
26/07/2025;2,6;P
27/07/2025;0,2;P
28/07/2025;0,6;P
29/07/2025;2,0;P
30/07/2025;0,0;P
31/07/2025;0,2;P
01/08/2025;0,0;P
02/08/2025;0,0;P
03/08/2025;1,8;P
04/08/2025;0,0;P
05/08/2025;0,0;P
06/08/2025;0,0;P
07/08/2025;0,0;P
08/08/2025;0,0;P
09/08/2025;0,0;P
10/08/2025;0,0;P
11/08/2025;0,0;P
12/08/2025;0,0;P
13/08/2025;0,0;P
14/08/2025;0,0;P
15/08/2025;0,0;P
16/08/2025;0,0;P
17/08/2025;0,0;P
18/08/2025;0,0;P
19/08/2025;2,6;P
20/08/2025;0,0;P
21/08/2025;10,0;P
22/08/2025;5,2;P
23/08/2025;0,0;P
24/08/2025;0,0;P
25/08/2025;0,0;P
26/08/2025;0,0;P
27/08/2025;0,0;P
28/08/2025;0,0;P
29/08/2025;26,2;P
30/08/2025;3,0;P
31/08/2025;14,8;P
01/09/2025;0,0;P
02/09/2025;7,2;P
03/09/2025;1,2;P
04/09/2025;0,0;P
05/09/2025;0,0;P
06/09/2025;0,0;P
07/09/2025;0,0;P
08/09/2025;0,0;P
09/09/2025;0,0;P
10/09/2025;10,0;P
11/09/2025;11,2;P
12/09/2025;0,0;P
13/09/2025;0,0;P
14/09/2025;1,2;P
15/09/2025;0,0;P
16/09/2025;0,0;P
17/09/2025;0,0;P
18/09/2025;0,0;P
19/09/2025;0,0;P
20/09/2025;0,0;P
21/09/2025;0,0;P
22/09/2025;0,0;P
23/09/2025;16,0;P
24/09/2025;6,4;P
25/09/2025;0,0;P
26/09/2025;6,2;P
27/09/2025;1,8;P
28/09/2025;0,0;P
29/09/2025;0,0;P
30/09/2025;0,0;P
01/10/2025;0,2;P
02/10/2025;0,0;P
03/10/2025;0,0;P
04/10/2025;0,0;P
05/10/2025;8,4;P
06/10/2025;0,0;P
07/10/2025;0,0;P
08/10/2025;0,0;P
09/10/2025;0,0;P
10/10/2025;0,0;P
11/10/2025;0,0;P
12/10/2025;0,0;P
13/10/2025;0,0;P
14/10/2025;0,0;P
15/10/2025;0,0;P
16/10/2025;0,0;P
17/10/2025;0,0;P
18/10/2025;0,0;P
19/10/2025;0,0;P
20/10/2025;0,0;P
21/10/2025;9,6;P
22/10/2025;9,4;P
23/10/2025;38,8;P
24/10/2025;14,2;P
25/10/2025;0,0;P
26/10/2025;1,2;P
27/10/2025;0,0;P
28/10/2025;0,0;P
29/10/2025;0,0;P
30/10/2025;0,6;P
31/10/2025;30,6;P
01/11/2025;0,2;P
02/11/2025;0,2;P
03/11/2025;8,8;P
04/11/2025;0,0;P
05/11/2025;0,0;P
06/11/2025;0,0;P
07/11/2025;0,0;P
08/11/2025;0,0;P
09/11/2025;0,0;P
10/11/2025;0,0;P
11/11/2025;0,0;P
12/11/2025;0,0;P
13/11/2025;0,0;P
14/11/2025;0,0;P
15/11/2025;0,0;P
16/11/2025;0,0;P
17/11/2025;21,4;P
18/11/2025;22,6;P
19/11/2025;0,2;P
20/11/2025;8,2;P
21/11/2025;3,4;P
22/11/2025;8,2;P
23/11/2025;0,0;P
24/11/2025;2,6;P
25/11/2025;17,2;P
26/11/2025;0,8;P
27/11/2025;0,2;P
28/11/2025;0,0;P
29/11/2025;0,0;P
30/11/2025;0,0;P
01/12/2025;0,0;P
02/12/2025;6,2;P
03/12/2025;0,2;P
04/12/2025;0,0;P
05/12/2025;0,0;P
06/12/2025;0,0;P
07/12/2025;0,0;P
08/12/2025;0,0;P
09/12/2025;0,0;P
10/12/2025;0,0;P
11/12/2025;0,0;P
12/12/2025;0,0;P
13/12/2025;0,2;P
14/12/2025;0,0;P
15/12/2025;0,2;P
16/12/2025;0,0;P
17/12/2025;11,0;P
18/12/2025;2,0;P
19/12/2025;1,4;P
20/12/2025;4,4;P
21/12/2025;0,0;P
22/12/2025;0,0;P
23/12/2025;1,2;P
24/12/2025;12,6;P
25/12/2025;1,8;P
26/12/2025;0,4;P
27/12/2025;0,0;P
28/12/2025;0,0;P
29/12/2025;0,0;P
30/12/2025;0,0;P
31/12/2025;0,0;P
01/01/2026;0,0;P
02/01/2026;5,4;P
03/01/2026;1,4;P
04/01/2026;0,2;P
05/01/2026;0,0;P
06/01/2026;1,6;P
07/01/2026;5,0;P
08/01/2026;0,0;P
09/01/2026;8,8;P
10/01/2026;9,0;P
11/01/2026;0,0;P
12/01/2026;0,0;P
13/01/2026;0,0;P
14/01/2026;1,2;P
15/01/2026;0,6;P
16/01/2026;2,0;P
17/01/2026;0,0;P
18/01/2026;0,0;P
19/01/2026;0,0;P
20/01/2026;0,0;P
21/01/2026;0,0;P
22/01/2026;0,0;P
23/01/2026;0,0;P
24/01/2026;14,0;P
25/01/2026;26,2;P
26/01/2026;10,8;P
27/01/2026;0,0;P
28/01/2026;11,4;P
29/01/2026;15,6;P
30/01/2026;1,2;P
31/01/2026;0,8;P
01/02/2026;0,0;P
02/02/2026;0,0;P
03/02/2026;2,2;P
04/02/2026;31,4;P
05/02/2026;3,0;P
06/02/2026;;@
07/02/2026;3,4;P
08/02/2026;2,6;P
09/02/2026;2,6;P
10/02/2026;0,0;P
11/02/2026;5,8;P
12/02/2026;12,0;P
13/02/2026;0,8;P
14/02/2026;1,4;P
15/02/2026;4,0;P
16/02/2026;2,8;P
17/02/2026;6,4;P
18/02/2026;0,0;P
19/02/2026;0,0;P
20/02/2026;9,4;P
21/02/2026;0,0;P
22/02/2026;0,0;P
23/02/2026;0,0;P
24/02/2026;0,0;P
25/02/2026;0,0;P
26/02/2026;0,0;P
27/02/2026;0,0;P
28/02/2026;0,2;P
01/03/2026;0,0;P
02/03/2026;0,0;P
03/03/2026;1,8;P
04/03/2026;0,0;P
05/03/2026;0,0;P
06/03/2026;0,0;P
07/03/2026;0,0;P
08/03/2026;0,2;P
09/03/2026;0,6;P
10/03/2026;0,0;P
11/03/2026;8,5;P
12/03/2026;22,5;P
13/03/2026;1,4;P
14/03/2026;0,0;P
15/03/2026;0,0;P
16/03/2026;0,0;P
17/03/2026;0,0;P
18/03/2026;0,0;P
19/03/2026;0,0;P
20/03/2026;0,0;P
21/03/2026;0,0;P
22/03/2026;0,0;P
23/03/2026;0,0;P
24/03/2026;0,0;P
25/03/2026;0,0;P
26/03/2026;7,2;P
27/03/2026;5,6;P
28/03/2026;0,0;P
29/03/2026;0,0;P
30/03/2026;0,0;P
31/03/2026;3,2;P
01/04/2026;0,0;P
02/04/2026;0,0;P
03/04/2026;0,0;P
04/04/2026;0,0;P
05/04/2026;0,0;P
06/04/2026;0,0;P
07/04/2026;0,0;P
08/04/2026;0,0;P
09/04/2026;0,0;P
10/04/2026;0,0;P
11/04/2026;0,0;P
12/04/2026;0,0;P
13/04/2026;0,0;P
14/04/2026;7,8;P
15/04/2026;1,8;P
16/04/2026;0,0;P
17/04/2026;0,0;P
18/04/2026;0,0;P
19/04/2026;0,0;P
20/04/2026;0,0;P
21/04/2026;0,0;P
22/04/2026;1,2;P
23/04/2026;0,0;P
24/04/2026;0,0;P
25/04/2026;0,0;P
26/04/2026;0,0;P
27/04/2026;0,0;P
28/04/2026;0,0;P
29/04/2026;0,0;P
30/04/2026;0,0;P
01/05/2026;0,0;P
02/05/2026;0,0;P
03/05/2026;0,0;P
04/05/2026;0,0;P
05/05/2026;9,8;P
06/05/2026;50,1;P
07/05/2026;28,7;P
08/05/2026;0,0;P
09/05/2026;0,0;P
10/05/2026;1,2;P
11/05/2026;10,6;P
12/05/2026;0,2;P
13/05/2026;2,6;P
14/05/2026;4,8;P
15/05/2026;0,0;P
16/05/2026;12,6;P
17/05/2026;0,4;P
18/05/2026;0,0;P
19/05/2026;0,0;P
20/05/2026;0,8;P
